[
  {
    "fullname": "Isaac Ortega Rubalcava",
    "id": "00281958-0cf3-11ec-a229-dadc21ba0c54",
    "phone_ext_c": "507"
  },
  {
    "fullname": "Jhony Quintero",
    "id": "009da61a-db9f-11e8-a9e9-005056951e6f",
    "phone_ext_c": "221"
  },
  {
    "fullname": "Marlon Diaz",
    "id": "01b279a6-44ed-11ee-89c2-dadc21ba0c54",
    "phone_ext_c": "179"
  },
  {
    "fullname": "Viviana Morales Hernandez",
    "id": "0362ad94-4936-11eb-a92e-dadc21ba0c54",
    "phone_ext_c": "307"
  },
  {
    "fullname": "Andy Abdel Ariana Ortiz",
    "id": "06e1de94-3a37-11eb-ab39-dadc21ba0c54",
    "phone_ext_c": "550"
  },
  {
    "fullname": "Daniela Cordova Lazaro",
    "id": "07c3c1b6-ac5e-11ec-b118-dadc21ba0c54",
    "phone_ext_c": "526"
  },
  {
    "fullname": "Lorena Soler Centeno",
    "id": "080fd680-c446-11ee-9ccb-dadc21ba0c54",
    "phone_ext_c": "133"
  },
  {
    "fullname": "Renan Alejandro Carrillo",
    "id": "09167dae-de7b-11ea-b0bd-dadc21ba0c54",
    "phone_ext_c": "570"
  },
  {
    "fullname": "Norma Araceli Alarcon Mendoza",
    "id": "09d51770-1f3f-11ee-96bf-dadc21ba0c54",
    "phone_ext_c": "363"
  },
  {
    "fullname": "Juan David Alcocer Ojeda",
    "id": "0a100f96-c5e9-11ee-b8e1-dadc21ba0c54",
    "phone_ext_c": "544"
  },
  {
    "fullname": "Aurora Sofia Ruiz",
    "id": "0ca66a12-d9be-11eb-9cce-dadc21ba0c54",
    "phone_ext_c": "328"
  },
  {
    "fullname": "Francisco Jose Haces Alvarez",
    "id": "0ca677d6-3093-11ee-aa06-dadc21ba0c54",
    "phone_ext_c": "592"
  },
  {
    "fullname": "David Cruz",
    "id": "0d99b774-fcef-11e9-9ba6-dadc21ba0c54",
    "phone_ext_c": "567"
  },
  {
    "fullname": "Gregorio Salomon Herrera Ramirez",
    "id": "0dc926f6-9d06-11ee-b15b-dadc21ba0c54",
    "phone_ext_c": "608"
  },
  {
    "fullname": "Gabby Berrios Rodriguez",
    "id": "0eb9f3ba-a990-11ee-b15f-dadc21ba0c54",
    "phone_ext_c": "102"
  },
  {
    "fullname": "Josue Davis Cervantes Pozos",
    "id": "0f3f437c-54c6-11ee-897a-dadc21ba0c54",
    "phone_ext_c": "369"
  },
  {
    "fullname": "Yennyfer Lizet Ac Cano",
    "id": "11ace7b2-27ef-11ee-8895-dadc21ba0c54",
    "phone_ext_c": "588"
  },
  {
    "fullname": "Jocelyn Hernandez Torres",
    "id": "11af627c-8a01-11ec-a3dd-dadc21ba0c54",
    "phone_ext_c": "147"
  },
  {
    "fullname": "Miguel Eduardo Sanchez Garcia",
    "id": "13363fe8-d534-11ec-97fe-dadc21ba0c54",
    "phone_ext_c": "542"
  },
  {
    "fullname": "Jose Jesus Kumul Cano",
    "id": "14ba4d50-f4c4-11ec-ae66-dadc21ba0c54",
    "phone_ext_c": "344"
  },
  {
    "fullname": "Yasmin Veliz",
    "id": "161ca1a8-10bc-11ec-a26f-dadc21ba0c54",
    "phone_ext_c": "222"
  },
  {
    "fullname": "Jose Gilberto Loeza Zapata",
    "id": "1c0b3768-c9dd-11ea-9c71-dadc21ba0c54",
    "phone_ext_c": "305"
  },
  {
    "fullname": "Deysi Alejandra Tawas Santis",
    "id": "1cc58eec-3ea6-11ee-943d-dadc21ba0c54",
    "phone_ext_c": "594"
  },
  {
    "fullname": "Elsy Carolina Padilla Perez",
    "id": "21ae148e-c33f-11ed-ada9-dadc21ba0c54",
    "phone_ext_c": "353"
  },
  {
    "fullname": "Isaac Israel Beltran Velazquez",
    "id": "24b0da60-a4cf-11ed-9409-dadc21ba0c54",
    "phone_ext_c": "572"
  },
  {
    "fullname": "Jonathan Calderon Martinez",
    "id": "25680992-c5e9-11ee-9550-dadc21ba0c54",
    "phone_ext_c": "561"
  },
  {
    "fullname": "Josue Jonathan Chuc Hau",
    "id": "25765c30-b28e-11ea-b137-dadc21ba0c54",
    "phone_ext_c": "513"
  },
  {
    "fullname": "Carlos Eduardo Zamudio",
    "id": "25cea3da-8ea6-11ed-9ca3-dadc21ba0c54",
    "phone_ext_c": "401"
  },
  {
    "fullname": "Veronica Coronado",
    "id": "2638d674-2d75-11ee-bf8d-dadc21ba0c54",
    "phone_ext_c": "146"
  },
  {
    "fullname": "Denisse Bonal Serrano",
    "id": "26cdebe8-3b98-11ee-8c0d-dadc21ba0c54",
    "phone_ext_c": "600"
  },
  {
    "fullname": "Rosmary Maite Reyes Rodriguez",
    "id": "27523f3e-0f2a-11ec-aac0-dadc21ba0c54",
    "phone_ext_c": "571"
  },
  {
    "fullname": "Maribel Rodriguez",
    "id": "27f53a60-a990-11ee-a014-dadc21ba0c54",
    "phone_ext_c": "115"
  },
  {
    "fullname": "Jesus Armando Tejeda Vazquez",
    "id": "283a3f4a-92e6-11ee-a89e-dadc21ba0c54",
    "phone_ext_c": "370"
  },
  {
    "fullname": "Miguel Uriel Mendez Pineda",
    "id": "288f6af0-c531-11ea-81b9-dadc21ba0c54",
    "phone_ext_c": "521"
  },
  {
    "fullname": "Ana Rebeca Gonzalez Calderon",
    "id": "2988cd18-3e55-11ec-b511-dadc21ba0c54",
    "phone_ext_c": "454"
  },
  {
    "fullname": "Nidia Stephanie Rivera",
    "id": "2bd6673a-32da-11ee-b7b1-dadc21ba0c54",
    "phone_ext_c": "106"
  },
  {
    "fullname": "Jafet Geovani Fortin Chulim",
    "id": "2ddc435a-6215-11ee-b86e-dadc21ba0c54",
    "phone_ext_c": "614"
  },
  {
    "fullname": "Josafat Maheda Gomez",
    "id": "2e696c94-59a3-11eb-8708-dadc21ba0c54",
    "phone_ext_c": "555"
  },
  {
    "fullname": "Indra Elean De La Pena Valle",
    "id": "2f0a246a-47a5-11ea-b05d-dadc21ba0c54",
    "phone_ext_c": "532"
  },
  {
    "fullname": "Esthefani Benalcazar",
    "id": "301cf638-7448-11ee-8309-dadc21ba0c54",
    "phone_ext_c": "233"
  },
  {
    "fullname": "Nikki Brown",
    "id": "32e74e66-e356-11e6-9a6f-005056951e6f",
    "phone_ext_c": "193"
  },
  {
    "fullname": "Marinelly Lopez",
    "id": "3371fc62-2726-11ee-8104-dadc21ba0c54",
    "phone_ext_c": "123"
  },
  {
    "fullname": "Ana Reyes",
    "id": "33858ea6-9fc1-11eb-a5c7-dadc21ba0c54",
    "phone_ext_c": "111"
  },
  {
    "fullname": "Ricardo Suaste Clemente",
    "id": "34914bde-15c6-11ec-bd7d-dadc21ba0c54",
    "phone_ext_c": "327"
  },
  {
    "fullname": "Elena Del Castillo",
    "id": "3491798a-c530-11ee-93d4-dadc21ba0c54",
    "phone_ext_c": "197"
  },
  {
    "fullname": "David Almendra Vazquez",
    "id": "34a15bd6-018e-11ee-9d7f-dadc21ba0c54",
    "phone_ext_c": "577"
  },
  {
    "fullname": "Aylen Pulido",
    "id": "35f6925c-cf87-11eb-99ec-dadc21ba0c54",
    "phone_ext_c": "130"
  },
  {
    "fullname": "Sharon Geovanna Triano Martin",
    "id": "362b52c2-fa02-11ea-9b50-dadc21ba0c54",
    "phone_ext_c": "303"
  },
  {
    "fullname": "Magali Beatriz Castellon Sanchez",
    "id": "3687c0dc-359b-11eb-bd2c-dadc21ba0c54",
    "phone_ext_c": "549"
  },
  {
    "fullname": "Ricardo Francisco Chable Vazquez",
    "id": "36b8ac22-3b99-11ee-a183-dadc21ba0c54",
    "phone_ext_c": "603"
  },
  {
    "fullname": "Matthew Velazquez",
    "id": "36be178a-2d17-11ec-85f5-dadc21ba0c54",
    "phone_ext_c": "109"
  },
  {
    "fullname": "Luis Daniel Garcia Nunez",
    "id": "385d2312-f45e-11ea-ac13-dadc21ba0c54",
    "phone_ext_c": "540"
  },
  {
    "fullname": "Mario Enrique Mijangos Parra",
    "id": "3963b832-e517-11ed-ad77-dadc21ba0c54",
    "phone_ext_c": "581"
  },
  {
    "fullname": "Darcy Pelico de la Rosa",
    "id": "39d89286-de78-11ea-8544-dadc21ba0c54",
    "phone_ext_c": "403"
  },
  {
    "fullname": "Maria Midence",
    "id": "39dd416c-6a56-11ec-b722-dadc21ba0c54",
    "phone_ext_c": "149"
  },
  {
    "fullname": "Leonardo Humberto Espinoza Camacho",
    "id": "39eb3f9e-7adf-11ec-90d0-dadc21ba0c54",
    "phone_ext_c": "546"
  },
  {
    "fullname": "Israel Jimenez Alcantara",
    "id": "3a6351ce-54c6-11ee-89c6-dadc21ba0c54",
    "phone_ext_c": "201"
  },
  {
    "fullname": "Lucas David Castillo Acosta",
    "id": "3ac86aaa-c127-11ee-8d93-dadc21ba0c54",
    "phone_ext_c": "308"
  },
  {
    "fullname": "Luana Sabrina Costa Morello",
    "id": "3b72dd28-3b94-11ee-b3f7-dadc21ba0c54",
    "phone_ext_c": "607"
  },
  {
    "fullname": "Juan Pablo Poblano Guzman",
    "id": "3b8fea0a-c5e9-11ee-8413-dadc21ba0c54",
    "phone_ext_c": "562"
  },
  {
    "fullname": "Gabriela Lucia Fletes Ramirez",
    "id": "3cee3bae-b7eb-11eb-b3ae-dadc21ba0c54",
    "phone_ext_c": "322"
  },
  {
    "fullname": "Hilda Rebeca Juarez Rodriguez",
    "id": "40ee7f96-3f73-11ed-993a-dadc21ba0c54",
    "phone_ext_c": "593"
  },
  {
    "fullname": "Karen Denisse Orozco Gomez",
    "id": "45999360-7add-11ec-92f9-dadc21ba0c54",
    "phone_ext_c": "502"
  },
  {
    "fullname": "Cristian Eduardo Hernandez Cristobal",
    "id": "4601eb8e-67e9-11eb-8798-dadc21ba0c54",
    "phone_ext_c": "557"
  },
  {
    "fullname": "Shanely Guadalupe Ortega Cardenas",
    "id": "484daac8-9d05-11ee-8fd9-dadc21ba0c54",
    "phone_ext_c": "601"
  },
  {
    "fullname": "Xiomara Lezcano",
    "id": "487da488-09fa-11ee-98b8-dadc21ba0c54",
    "phone_ext_c": "107"
  },
  {
    "fullname": "Daniel Espinoza Garduno",
    "id": "4912639c-10f5-11ed-81ae-dadc21ba0c54",
    "phone_ext_c": "576"
  },
  {
    "fullname": "Hector Palacios",
    "id": "49159682-a1b6-11ed-aa33-dadc21ba0c54",
    "phone_ext_c": "324"
  },
  {
    "fullname": "Andrea Melissa Carabantes Barbara",
    "id": "49234dd2-d176-11ed-8905-dadc21ba0c54",
    "phone_ext_c": "326"
  },
  {
    "fullname": "Rafael Taylor",
    "id": "4b040920-333e-11ec-95fa-dadc21ba0c54",
    "phone_ext_c": "103"
  },
  {
    "fullname": "Merly Merari Herrera Ruiz",
    "id": "4e891222-852b-11ec-9283-dadc21ba0c54",
    "phone_ext_c": "335"
  },
  {
    "fullname": "Roberto Lizarra Padua",
    "id": "505bcd4c-254e-11ed-a176-dadc21ba0c54",
    "phone_ext_c": "127"
  },
  {
    "fullname": "Jean Paul Rodriguez Perez",
    "id": "517612c0-3aea-11ee-8ce0-dadc21ba0c54",
    "phone_ext_c": "158"
  },
  {
    "fullname": "Yanilis Emmanuelli Molina   ",
    "id": "5237694c-e8e4-11ec-a8f7-dadc21ba0c54",
    "phone_ext_c": "153"
  },
  {
    "fullname": "Bryan Jair Cen Chan",
    "id": "54024016-3b96-11ee-ac62-dadc21ba0c54",
    "phone_ext_c": "505"
  },
  {
    "fullname": "Cristopher Arandu Sierra Palmero",
    "id": "59e933b0-ca3a-11eb-9c6a-dadc21ba0c54",
    "phone_ext_c": "510"
  },
  {
    "fullname": "Jesus Manuel Dominguez Vazquez",
    "id": "5a658ab8-59a2-11eb-b931-dadc21ba0c54",
    "phone_ext_c": "524"
  },
  {
    "fullname": "Diego Salazar Rosales",
    "id": "5ae657b6-0da7-11eb-a9df-dadc21ba0c54",
    "phone_ext_c": "207"
  },
  {
    "fullname": "Sheralys Tolentino",
    "id": "5c2eacbc-a990-11ee-800e-dadc21ba0c54",
    "phone_ext_c": "118"
  },
  {
    "fullname": "Jose Ivan Ortiz Martinez",
    "id": "5c4ee2b6-54c7-11ee-9429-dadc21ba0c54",
    "phone_ext_c": "582"
  },
  {
    "fullname": "Josue Rivera Martinez",
    "id": "5ca35daa-b26d-11ea-9f4f-dadc21ba0c54",
    "phone_ext_c": "509"
  },
  {
    "fullname": "Luis Mayoral Reichard",
    "id": "5cc97dfc-0b91-11ee-bddb-dadc21ba0c54",
    "phone_ext_c": "154"
  },
  {
    "fullname": "Hector Raul Romero",
    "id": "5e2d7f90-3a38-11eb-95e6-dadc21ba0c54",
    "phone_ext_c": "554"
  },
  {
    "fullname": "Iker Espinosa de los Montero Moreno",
    "id": "6015319e-54c6-11ee-86a1-dadc21ba0c54",
    "phone_ext_c": "209"
  },
  {
    "fullname": "Erick David Velasco Rojas",
    "id": "602dfff2-addc-11ee-af19-dadc21ba0c54",
    "phone_ext_c": "568"
  },
  {
    "fullname": "Andrea Villanueva",
    "id": "60f77e0a-3897-11ee-8177-dadc21ba0c54",
    "phone_ext_c": "220"
  },
  {
    "fullname": "Juan Carlos Bustamante",
    "id": "621db746-1d5a-11eb-b149-dadc21ba0c54",
    "phone_ext_c": "208"
  },
  {
    "fullname": "Genaro Miranda Tronco",
    "id": "62401b0a-b294-11ea-b02f-dadc21ba0c54",
    "phone_ext_c": "518"
  },
  {
    "fullname": "Ashley Isabella Badillo Main",
    "id": "6317d4f6-674f-11ed-bfd7-dadc21ba0c54",
    "phone_ext_c": "354"
  },
  {
    "fullname": "Angel Manuel Salas Ramos",
    "id": "643eab1a-d075-11eb-8846-dadc21ba0c54",
    "phone_ext_c": "522"
  },
  {
    "fullname": "Angela Azenet Trujillo Cetina",
    "id": "6696993a-2797-11ec-b986-dadc21ba0c54",
    "phone_ext_c": "317"
  },
  {
    "fullname": "Courtney Magliano",
    "id": "66c45f14-75f5-11ea-bea5-dadc21ba0c54",
    "phone_ext_c": "194"
  },
  {
    "fullname": "Roberto Alexander Hernandez Juarez",
    "id": "6a50d6d4-1f3f-11ee-86e4-dadc21ba0c54",
    "phone_ext_c": "586"
  },
  {
    "fullname": "Bruno Alberico Rocamora Guzman",
    "id": "6a88e6f8-e517-11ed-9d44-dadc21ba0c54",
    "phone_ext_c": "336"
  },
  {
    "fullname": "Janet Fe Garcia Salgado",
    "id": "6b30f00e-6133-11ed-aee5-dadc21ba0c54",
    "phone_ext_c": "553"
  },
  {
    "fullname": "Edgar Manolo Perez",
    "id": "6ba3a302-dd90-11ea-9df0-dadc21ba0c54",
    "phone_ext_c": "541"
  },
  {
    "fullname": "Alaina Janet Moranchel Jarillo",
    "id": "6d0e35ce-3324-11eb-af8f-dadc21ba0c54",
    "phone_ext_c": "514"
  },
  {
    "fullname": "Johnny Velazquez Navarro",
    "id": "6dfd7542-fb24-11ed-9eac-dadc21ba0c54",
    "phone_ext_c": "120"
  },
  {
    "fullname": "Rodrigo Lira",
    "id": "6ec2f686-1715-11ec-9908-dadc21ba0c54",
    "phone_ext_c": "360"
  },
  {
    "fullname": "Yashira Alamo Sierra",
    "id": "6fec0ae2-3af5-11ee-8315-dadc21ba0c54",
    "phone_ext_c": "117"
  },
  {
    "fullname": "Jessica Cristancho",
    "id": "712db7c2-9ff3-11e8-98fa-005056951e6f",
    "phone_ext_c": "148"
  },
  {
    "fullname": "Eliana Vega",
    "id": "723c117a-d4c5-11ed-86a1-dadc21ba0c54",
    "phone_ext_c": "178"
  },
  {
    "fullname": "Yuralkys Gutierrez Rocha",
    "id": "72fbd4d8-a990-11ee-ad57-dadc21ba0c54",
    "phone_ext_c": "119"
  },
  {
    "fullname": "Paloma Vega Perez",
    "id": "7347ae46-3f72-11ed-b362-dadc21ba0c54",
    "phone_ext_c": "590"
  },
  {
    "fullname": "Ninotchka Figueroa Rosado",
    "id": "754d3f26-9431-11ed-9282-dadc21ba0c54",
    "phone_ext_c": "170"
  },
  {
    "fullname": "Erick Ricardo Cahuich Rodriguez",
    "id": "76bf3ada-694c-11ee-9eb4-dadc21ba0c54",
    "phone_ext_c": "362"
  },
  {
    "fullname": "Maria Del Carmen May Uicab",
    "id": "76f73664-3b94-11ee-ae93-dadc21ba0c54",
    "phone_ext_c": "350"
  },
  {
    "fullname": "Pedro Nieves",
    "id": "76f9031c-3aeb-11ee-971a-dadc21ba0c54",
    "phone_ext_c": "156"
  },
  {
    "fullname": "Citlalli Cano Notario",
    "id": "776bdee2-f969-11ec-9ee9-dadc21ba0c54",
    "phone_ext_c": "361"
  },
  {
    "fullname": "Manuel Mireles Gonzalez   ",
    "id": "77aea8a8-e8e3-11ec-ab69-dadc21ba0c54",
    "phone_ext_c": "138"
  },
  {
    "fullname": "Frida Montserrat Barrera Espinosa",
    "id": "77f077c8-0da8-11eb-bc14-dadc21ba0c54",
    "phone_ext_c": "525"
  },
  {
    "fullname": "Jhonny Rene Sanchez Alejandro",
    "id": "795d843c-38c9-11ec-b702-dadc21ba0c54",
    "phone_ext_c": "334"
  },
  {
    "fullname": "Jhonny Alejandro Uc Huchim",
    "id": "79981346-439b-11eb-989e-dadc21ba0c54",
    "phone_ext_c": "543"
  },
  {
    "fullname": "Jorge Adonay Chacha Gonzalez",
    "id": "79a82744-a4cf-11ed-a379-dadc21ba0c54",
    "phone_ext_c": "501"
  },
  {
    "fullname": "Arturo Garcia May",
    "id": "7ab2d3f4-d074-11eb-80db-dadc21ba0c54",
    "phone_ext_c": "333"
  },
  {
    "fullname": "Berenice Hernandez Quintana",
    "id": "7d0bcb10-1aee-11eb-bb07-dadc21ba0c54",
    "phone_ext_c": "563"
  },
  {
    "fullname": "Diego Antonio Hernandez Rivas",
    "id": "7dac0a86-b7eb-11eb-958a-dadc21ba0c54",
    "phone_ext_c": "323"
  },
  {
    "fullname": "Raul Antonio Diaz Ramirez",
    "id": "7de77948-7ae8-11ec-b694-dadc21ba0c54",
    "phone_ext_c": "574"
  },
  {
    "fullname": "Diego Gaspar Pech Diaz",
    "id": "7e64dcc2-dd86-11ea-b860-dadc21ba0c54",
    "phone_ext_c": "534"
  },
  {
    "fullname": "Carlos Alberto Alvarado Hernandez",
    "id": "80d54c08-b266-11ea-be1d-dadc21ba0c54",
    "phone_ext_c": "503"
  },
  {
    "fullname": "Godfrey Gillett",
    "id": "82d9d4f4-0b1e-11eb-8d04-dadc21ba0c54",
    "phone_ext_c": "116"
  },
  {
    "fullname": "Eulises Ramon Rivera Fernandez",
    "id": "8357222a-e8e8-11ec-baf7-dadc21ba0c54",
    "phone_ext_c": "402"
  },
  {
    "fullname": "Karla Hernandez Elizarraraz",
    "id": "860427cc-6349-11ec-ab9f-dadc21ba0c54",
    "phone_ext_c": "531"
  },
  {
    "fullname": "Merari Natalia Jimenez",
    "id": "862f4528-3ea4-11ee-b3c8-dadc21ba0c54",
    "phone_ext_c": "366"
  },
  {
    "fullname": "Cristian Lopez Interian",
    "id": "8a2bf416-c28e-11ec-a5e0-dadc21ba0c54",
    "phone_ext_c": "304"
  },
  {
    "fullname": "Gabriela Velazquez",
    "id": "8a2fc5e6-a801-11e9-aee6-dadc21ba0c54",
    "phone_ext_c": "134"
  },
  {
    "fullname": "Josue Lopez Baume",
    "id": "8c0c2c40-3b98-11ee-b68b-dadc21ba0c54",
    "phone_ext_c": "602"
  },
  {
    "fullname": "Paulina Rangel Ramirez",
    "id": "8c0cbf7e-b5f7-11ed-bd15-dadc21ba0c54",
    "phone_ext_c": "319"
  },
  {
    "fullname": "Beatriz Adriana Marroquin Caceres",
    "id": "8c42a4f6-d175-11ed-8c1e-dadc21ba0c54",
    "phone_ext_c": "548"
  },
  {
    "fullname": "Jorge Alexis Chi Noh",
    "id": "8ced2cb2-bac0-11ed-95a1-dadc21ba0c54",
    "phone_ext_c": "355"
  },
  {
    "fullname": "Edith Gabriela Valle Hernandez",
    "id": "8d8ac0c6-27ee-11ee-a3ad-dadc21ba0c54",
    "phone_ext_c": "533"
  },
  {
    "fullname": "Humberto Ledesma",
    "id": "8e933cd2-860f-11ec-b669-dadc21ba0c54",
    "phone_ext_c": "339"
  },
  {
    "fullname": "Oscar Chavez Mendoza",
    "id": "9214b048-5a4c-11ea-89ee-dadc21ba0c54",
    "phone_ext_c": "504"
  },
  {
    "fullname": "Teresa Lopez",
    "id": "927362c2-a990-11ee-a7ab-dadc21ba0c54",
    "phone_ext_c": "236"
  },
  {
    "fullname": "Sarahi Viridiana Ojeda Valdez",
    "id": "92f5c466-129a-11ee-a728-dadc21ba0c54",
    "phone_ext_c": "321"
  },
  {
    "fullname": "Karen Anahi Villeda Cruz",
    "id": "94a2a04c-c5e9-11ee-a2c1-dadc21ba0c54",
    "phone_ext_c": "564"
  },
  {
    "fullname": "Juan Carlos Alonso Ocampo",
    "id": "96bddaec-addc-11ee-9af0-dadc21ba0c54",
    "phone_ext_c": "589"
  },
  {
    "fullname": "Elizabeth Castillo Rodriguez",
    "id": "97747f82-c731-11ed-82ed-dadc21ba0c54",
    "phone_ext_c": "358"
  },
  {
    "fullname": "Dayna Yazmil Gonzalez",
    "id": "9a150088-92e5-11ee-af93-dadc21ba0c54",
    "phone_ext_c": "609"
  },
  {
    "fullname": "Josue Israel Cauich Ek",
    "id": "9aa002f2-a4d2-11ed-87bb-dadc21ba0c54",
    "phone_ext_c": "566"
  },
  {
    "fullname": "Christel Galeana Marin",
    "id": "9c158f22-10f2-11ed-bf97-dadc21ba0c54",
    "phone_ext_c": "579"
  },
  {
    "fullname": "Alejandra Abigail Cabrera Trujillo",
    "id": "9fb21da0-6162-11ee-8778-dadc21ba0c54",
    "phone_ext_c": "506"
  },
  {
    "fullname": "Berenice Kauil",
    "id": "9ff5e8e0-e517-11ed-b45d-dadc21ba0c54",
    "phone_ext_c": "338"
  },
  {
    "fullname": "Adriana Carolina Gomez Garfias",
    "id": "a012507c-72e4-11eb-9662-dadc21ba0c54",
    "phone_ext_c": "314"
  },
  {
    "fullname": "Isabel Acosta Cortes",
    "id": "a04d2cc6-8ea6-11ed-b24a-dadc21ba0c54",
    "phone_ext_c": "404"
  },
  {
    "fullname": "Laura Lorena Gonzalez Calderon",
    "id": "a055bed4-59a3-11eb-a7e1-dadc21ba0c54",
    "phone_ext_c": "451"
  },
  {
    "fullname": "Andres Ybarra",
    "id": "a2ec1952-6aa5-11e9-a0ab-aede6564ae83",
    "phone_ext_c": "113"
  },
  {
    "fullname": "Ana Karen Garcia Balcazar",
    "id": "a3a8c370-51d7-11eb-964a-dadc21ba0c54",
    "phone_ext_c": "516"
  },
  {
    "fullname": "Ian Carmona Diaz",
    "id": "a6b89378-c5e8-11ee-9c77-dadc21ba0c54",
    "phone_ext_c": "520"
  },
  {
    "fullname": "Juan Alegria",
    "id": "a7157722-416b-11e7-8015-005056951e6f",
    "phone_ext_c": "212"
  },
  {
    "fullname": "David Alexis Hernandez Lopez",
    "id": "a7388df8-c806-11ec-8bf6-dadc21ba0c54",
    "phone_ext_c": "345"
  },
  {
    "fullname": "Adrian Reyes Esquivel",
    "id": "a76f697a-54b6-11ee-ac32-dadc21ba0c54",
    "phone_ext_c": "368"
  },
  {
    "fullname": "Laura Cordova",
    "id": "a84b989c-416b-11e7-abf8-005056951e6f",
    "phone_ext_c": "132"
  },
  {
    "fullname": "Angelica Velazquez",
    "id": "a90b8eae-416b-11e7-acdc-005056951e6f",
    "phone_ext_c": "206"
  },
  {
    "fullname": "Katy Sosa",
    "id": "a96661b2-416b-11e7-adc0-005056951e6f",
    "phone_ext_c": "133"
  },
  {
    "fullname": "Adilenys Gonzalez Pardo",
    "id": "a9c31ec4-d176-11ed-91b9-dadc21ba0c54",
    "phone_ext_c": "330"
  },
  {
    "fullname": "Carlos Alfredo Guillen Molina",
    "id": "a9dbc452-4163-11ea-b51a-dadc21ba0c54",
    "phone_ext_c": "610"
  },
  {
    "fullname": "Ricardo Ismael Bernardo Cano",
    "id": "aa6fbc42-c808-11ec-a3b8-dadc21ba0c54",
    "phone_ext_c": "349"
  },
  {
    "fullname": "Lucy Basabe",
    "id": "ab0f36c4-416b-11e7-b034-005056951e6f",
    "phone_ext_c": "203"
  },
  {
    "fullname": "Angelina Esther Chi Matus",
    "id": "ab231fd8-4784-11ee-a2dd-dadc21ba0c54",
    "phone_ext_c": "591"
  },
  {
    "fullname": "Lucio Otniel Rodriguez Dominguez",
    "id": "ac735dec-416b-11e7-b12b-005056951e6f",
    "phone_ext_c": "302"
  },
  {
    "fullname": "Kenneth Eduardo Perez Perez",
    "id": "acdbf0de-3ea6-11ee-8b3a-dadc21ba0c54",
    "phone_ext_c": "204"
  },
  {
    "fullname": "Giovanni Abimael Mendoza Sanchez",
    "id": "acec9a86-416b-11e7-8fa3-005056951e6f",
    "phone_ext_c": "523"
  },
  {
    "fullname": "Giezis Eduardo Alvarez",
    "id": "ad162356-416b-11e7-900b-005056951e6f",
    "phone_ext_c": "500"
  },
  {
    "fullname": "Abraham Juarez Montoya",
    "id": "ad561e64-b9a9-11ec-be2f-dadc21ba0c54",
    "phone_ext_c": "552"
  },
  {
    "fullname": "Hector Velazquez",
    "id": "ae490c7a-416b-11e7-8af7-005056951e6f",
    "phone_ext_c": "140"
  },
  {
    "fullname": "Jorge Ochoa",
    "id": "ae600662-a999-11ee-8fa1-dadc21ba0c54",
    "phone_ext_c": "195"
  },
  {
    "fullname": "Kevin Alejandro Hau Vargas",
    "id": "ae8c805e-3093-11ee-8379-dadc21ba0c54",
    "phone_ext_c": "598"
  },
  {
    "fullname": "Bryan Pacheco",
    "id": "af352c5e-416b-11e7-bf9d-005056951e6f",
    "phone_ext_c": "110"
  },
  {
    "fullname": "Miriam Torres",
    "id": "b2055276-7dd3-11eb-97db-dadc21ba0c54",
    "phone_ext_c": "131"
  },
  {
    "fullname": "Norma Edith Gamas Nares",
    "id": "b2368918-addc-11ee-9600-dadc21ba0c54",
    "phone_ext_c": "565"
  },
  {
    "fullname": "Reyna Garcia",
    "id": "b39a37ee-416b-11e7-8402-005056951e6f",
    "phone_ext_c": "315"
  },
  {
    "fullname": "Rosa Rosales",
    "id": "b3e24a3e-416b-11e7-801c-005056951e6f",
    "phone_ext_c": "313"
  },
  {
    "fullname": "Zulema Vazquez",
    "id": "b54f4400-b21e-11e9-af8e-dadc21ba0c54",
    "phone_ext_c": "306"
  },
  {
    "fullname": "Israel Arevalo Cardenas",
    "id": "b584dbb8-e516-11ed-8a27-dadc21ba0c54",
    "phone_ext_c": "558"
  },
  {
    "fullname": "Pedro Alonso Ramos Garcia",
    "id": "b71b122c-3f70-11ed-91e3-dadc21ba0c54",
    "phone_ext_c": "351"
  },
  {
    "fullname": "Juan Chable Morales",
    "id": "b8d4a9fc-7ae0-11ec-be8e-dadc21ba0c54",
    "phone_ext_c": "559"
  },
  {
    "fullname": "Ethan Tejada",
    "id": "b9a46dac-3ae9-11ee-b7cc-dadc21ba0c54",
    "phone_ext_c": "162"
  },
  {
    "fullname": "Iris Gabriel Suarez",
    "id": "b9cdf7b2-c33e-11ed-baf9-dadc21ba0c54",
    "phone_ext_c": "352"
  },
  {
    "fullname": "Ariel Antonio Hau Caballero",
    "id": "bbd3ae36-92ea-11ee-8ed2-dadc21ba0c54",
    "phone_ext_c": "202"
  },
  {
    "fullname": "Leon Alfonso Garcin De Leon",
    "id": "bc3526d0-e02b-11eb-be2b-dadc21ba0c54",
    "phone_ext_c": "329"
  },
  {
    "fullname": "Maria Ana Landero Arreola",
    "id": "bc5817ea-54c7-11ee-8554-dadc21ba0c54",
    "phone_ext_c": "551"
  },
  {
    "fullname": "Sergio Montoya",
    "id": "bcb88ea2-0cf0-11ec-8b15-dadc21ba0c54",
    "phone_ext_c": "310"
  },
  {
    "fullname": "Daniel Alberto Alonso Cruz",
    "id": "bcdd804a-3b97-11ee-9033-dadc21ba0c54",
    "phone_ext_c": "573"
  },
  {
    "fullname": "Glenda Andrea Solis Sanchez",
    "id": "bf579d72-c731-11ed-86b7-dadc21ba0c54",
    "phone_ext_c": "357"
  },
  {
    "fullname": "Pilar Esther Garcia Velazquez",
    "id": "c1220e80-3b94-11ee-b3b1-dadc21ba0c54",
    "phone_ext_c": "348"
  },
  {
    "fullname": "Fernando Flores Carrillo",
    "id": "c148dd8a-0f5d-11ed-abaf-dadc21ba0c54",
    "phone_ext_c": "325"
  },
  {
    "fullname": "Luz Abarca",
    "id": "c17d1644-e6cc-11ed-9a2d-dadc21ba0c54",
    "phone_ext_c": "150"
  },
  {
    "fullname": "Viviana Alvarez",
    "id": "c187192e-f2f7-11ec-a839-dadc21ba0c54",
    "phone_ext_c": "174"
  },
  {
    "fullname": "Erick David Hernandez Garcia",
    "id": "c1a12c60-7ade-11ec-987e-dadc21ba0c54",
    "phone_ext_c": "545"
  },
  {
    "fullname": "Julia Strehl",
    "id": "c22cd718-017b-11e9-9357-aede6564ae83",
    "phone_ext_c": "112"
  },
  {
    "fullname": "Sandra Luz Santos Flores",
    "id": "c3dcc264-3f73-11ed-b463-dadc21ba0c54",
    "phone_ext_c": "595"
  },
  {
    "fullname": "Efrain Eliasib Tun Pacheco",
    "id": "c4cfa9fa-1f3f-11ee-8db0-dadc21ba0c54",
    "phone_ext_c": "519"
  },
  {
    "fullname": "Maria Alejandra Achipis Giraldo",
    "id": "c6abb126-9e34-11eb-95a9-dadc21ba0c54",
    "phone_ext_c": "556"
  },
  {
    "fullname": "Stefany Veliz",
    "id": "c7468e48-c506-11ee-a1f2-dadc21ba0c54",
    "phone_ext_c": "255"
  },
  {
    "fullname": "Daniel Aaron Ulloa",
    "id": "c762e0e2-c5e8-11ee-9da1-dadc21ba0c54",
    "phone_ext_c": "527"
  },
  {
    "fullname": "Sheyna Alejandra Solis Cortes",
    "id": "c7f9f38a-1197-11ed-8504-dadc21ba0c54",
    "phone_ext_c": "584"
  },
  {
    "fullname": "Felipe Alexandro Solis Ruiz",
    "id": "c90d4514-bdd7-11ed-ac09-dadc21ba0c54",
    "phone_ext_c": "341"
  },
  {
    "fullname": "Yamil Salomon",
    "id": "c9c8b0e2-b4de-11ea-bd91-dadc21ba0c54",
    "phone_ext_c": "455"
  },
  {
    "fullname": "Laura Odalys Reyes Calzadilla",
    "id": "c9e07202-3093-11ee-898a-dadc21ba0c54",
    "phone_ext_c": "599"
  },
  {
    "fullname": "David Alejandro Gallardo Ortiz",
    "id": "ccc7ef7a-51d6-11eb-ba70-dadc21ba0c54",
    "phone_ext_c": "512"
  },
  {
    "fullname": "Zara Magos Estrada",
    "id": "cccbc85c-4934-11eb-a0a1-dadc21ba0c54",
    "phone_ext_c": "560"
  },
  {
    "fullname": "Diana Naomi Jifkins",
    "id": "cd56bad4-93d0-11eb-8aa7-dadc21ba0c54",
    "phone_ext_c": "511"
  },
  {
    "fullname": "Jaime Francisco Flores Garcia",
    "id": "ce1964f0-c5e3-11ea-a705-dadc21ba0c54",
    "phone_ext_c": "528"
  },
  {
    "fullname": "Aleli Munoz Hernandez",
    "id": "ce81b348-694b-11ee-825a-dadc21ba0c54",
    "phone_ext_c": "347"
  },
  {
    "fullname": "Edwin Serrano",
    "id": "ceb7ffe2-c446-11ee-872f-dadc21ba0c54",
    "phone_ext_c": "132"
  },
  {
    "fullname": "Jesus Ismael Salazar Cervantes",
    "id": "cf9d637c-d32c-11ed-8a98-dadc21ba0c54",
    "phone_ext_c": "569"
  },
  {
    "fullname": "Rachel Yeraldin Islas Carrillo",
    "id": "d004c65a-3b98-11ee-b541-dadc21ba0c54",
    "phone_ext_c": "604"
  },
  {
    "fullname": "Diana Gabriela Resendiz Quirino",
    "id": "d11ab0d6-d176-11ed-b59a-dadc21ba0c54",
    "phone_ext_c": "346"
  },
  {
    "fullname": "Teddy Alfonso",
    "id": "d1a1d7e8-9e93-11ed-9045-dadc21ba0c54",
    "phone_ext_c": "175"
  },
  {
    "fullname": "Vincent Nieves",
    "id": "d25b4b00-254f-11ed-ab07-dadc21ba0c54",
    "phone_ext_c": "129"
  },
  {
    "fullname": "Genma Mendoza Rojas",
    "id": "d333e35e-c805-11ec-9db0-dadc21ba0c54",
    "phone_ext_c": "585"
  },
  {
    "fullname": "Jose Andres Ramirez Azcorra",
    "id": "d3dc1428-87be-11ee-858f-dadc21ba0c54",
    "phone_ext_c": "537"
  },
  {
    "fullname": "Giovanni Lopez Mercado",
    "id": "d4a2d116-3ae9-11ee-bc83-dadc21ba0c54",
    "phone_ext_c": "160"
  },
  {
    "fullname": "Angel Alexis Peraza Pech",
    "id": "d529636e-4784-11ee-8f2f-dadc21ba0c54",
    "phone_ext_c": "605"
  },
  {
    "fullname": "Leticia Ruiz",
    "id": "d6441936-a27b-11e9-be26-dadc21ba0c54",
    "phone_ext_c": "145"
  },
  {
    "fullname": "Brenda Sofia Ramos Garcia",
    "id": "d89d3f3c-6b1a-11eb-9796-dadc21ba0c54",
    "phone_ext_c": "309"
  },
  {
    "fullname": "Shirley Jimenez",
    "id": "d8ebbf14-225f-11ee-99d8-dadc21ba0c54",
    "phone_ext_c": "201"
  },
  {
    "fullname": "Gabriela Isabel Gonzalez Pech",
    "id": "db82afc6-c5e8-11ee-9520-dadc21ba0c54",
    "phone_ext_c": "529"
  },
  {
    "fullname": "Alma Paola Cisneros Espinosa",
    "id": "dba20a34-a4cd-11ed-b22b-dadc21ba0c54",
    "phone_ext_c": "578"
  },
  {
    "fullname": "Veronica Navarro",
    "id": "dbaa1420-b132-11ec-9a34-dadc21ba0c54",
    "phone_ext_c": "141"
  },
  {
    "fullname": "Hilary Estrella Cetz",
    "id": "dc1817d4-dda5-11ea-a52d-dadc21ba0c54",
    "phone_ext_c": "311"
  },
  {
    "fullname": "Valentina Puerto Mena",
    "id": "dc616c1e-3ea4-11ee-bc57-dadc21ba0c54",
    "phone_ext_c": "367"
  },
  {
    "fullname": "Fernando Nieto Vazquez",
    "id": "de1b6634-c8f3-11ee-9ea6-dadc21ba0c54",
    "phone_ext_c": "583"
  },
  {
    "fullname": "Celia Canel",
    "id": "df9e1248-d88d-11ec-96eb-dadc21ba0c54",
    "phone_ext_c": "124"
  },
  {
    "fullname": "John Paul Valero ",
    "id": "e19314d0-e2b6-11ec-875d-dadc21ba0c54",
    "phone_ext_c": "152"
  },
  {
    "fullname": "Luis Zadkiel Diaz Santos",
    "id": "e1ea8ad8-f27b-11ec-9890-dadc21ba0c54",
    "phone_ext_c": "340"
  },
  {
    "fullname": "Edgar Espinosa Fuentes",
    "id": "e50448a4-9880-11eb-ba1e-dadc21ba0c54",
    "phone_ext_c": "320"
  },
  {
    "fullname": "Nancy Flores Carrillo",
    "id": "e565bfd2-694b-11ee-a086-dadc21ba0c54",
    "phone_ext_c": "356"
  },
  {
    "fullname": "Jesus Angel Cuellar Burgos",
    "id": "e5810fe0-1a10-11eb-8cc0-dadc21ba0c54",
    "phone_ext_c": "530"
  },
  {
    "fullname": "Andrea Rodriguez",
    "id": "e5a22226-e6cc-11ed-b451-dadc21ba0c54",
    "phone_ext_c": "143"
  },
  {
    "fullname": "Maricruz Morales Estrada",
    "id": "e5b36486-1a10-11eb-8bba-dadc21ba0c54",
    "phone_ext_c": "535"
  },
  {
    "fullname": "Sofia Rebeca Perez Estrella",
    "id": "e62bb260-0482-11ee-abfd-dadc21ba0c54",
    "phone_ext_c": "517"
  },
  {
    "fullname": "Joel Zambrano Vazquez",
    "id": "e6aba87a-92ea-11ee-a438-dadc21ba0c54",
    "phone_ext_c": "215"
  },
  {
    "fullname": "Gerardo Almanza Avila",
    "id": "e6dc3b30-1a10-11eb-b6de-dadc21ba0c54",
    "phone_ext_c": "547"
  },
  {
    "fullname": "Sohary Fonseca Rodriguez",
    "id": "e737139a-c447-11ee-95bb-dadc21ba0c54",
    "phone_ext_c": "139"
  },
  {
    "fullname": "Laura Gabriela Zavala Fernandez",
    "id": "e887e6e6-359a-11eb-9e4b-dadc21ba0c54",
    "phone_ext_c": "538"
  },
  {
    "fullname": "Abraham Misael Ortega Ricalde",
    "id": "e9401fc8-c5ad-11ec-a466-dadc21ba0c54",
    "phone_ext_c": "331"
  },
  {
    "fullname": "Ricardo Madera Sanchez",
    "id": "eb2c215e-87be-11ee-932d-dadc21ba0c54",
    "phone_ext_c": "580"
  },
  {
    "fullname": "Rosa Nidia Rodriguez",
    "id": "eb5f1896-d919-11e9-95f5-dadc21ba0c54",
    "phone_ext_c": "136"
  },
  {
    "fullname": "Mariela Rico",
    "id": "ec19570e-9029-11ed-9199-dadc21ba0c54",
    "phone_ext_c": "144"
  },
  {
    "fullname": "Gavin Moats   ",
    "id": "ecbb7dd6-8e9f-11ec-a72d-dadc21ba0c54",
    "phone_ext_c": "122"
  },
  {
    "fullname": "Rocio Alvarez",
    "id": "ed3f7f7a-93d0-11eb-ac1d-dadc21ba0c54",
    "phone_ext_c": "135"
  },
  {
    "fullname": "Gwendolyn Moyer",
    "id": "ed5da274-c01b-11ed-a97e-dadc21ba0c54",
    "phone_ext_c": "121"
  },
  {
    "fullname": "Jazmin Abad Garcia",
    "id": "edb33a90-0f7c-11ed-a481-dadc21ba0c54",
    "phone_ext_c": "515"
  },
  {
    "fullname": "Gerardo Antonio Garcia Mas",
    "id": "edb6200c-b783-11ed-9865-dadc21ba0c54",
    "phone_ext_c": "332"
  },
  {
    "fullname": "Karla Selene Tomez Polito",
    "id": "efb01668-e516-11ed-8dcf-dadc21ba0c54",
    "phone_ext_c": "575"
  },
  {
    "fullname": "Carlos Magana",
    "id": "f1bd9514-05ea-11ec-8d60-dadc21ba0c54",
    "phone_ext_c": "318"
  },
  {
    "fullname": "Jesus Ivan Hu Ku",
    "id": "f23920e2-1f3f-11ee-904d-dadc21ba0c54",
    "phone_ext_c": "508"
  },
  {
    "fullname": "Reinaldo Kauil Ciau",
    "id": "f2b46d76-27ee-11ee-bfba-dadc21ba0c54",
    "phone_ext_c": "587"
  },
  {
    "fullname": "Melanie Salgado",
    "id": "f3056a7e-0da6-11eb-b7b7-dadc21ba0c54",
    "phone_ext_c": "312"
  },
  {
    "fullname": "Gabriela Nevarez Roman",
    "id": "f308d4a4-9e93-11ed-a2a6-dadc21ba0c54",
    "phone_ext_c": "175"
  },
  {
    "fullname": "Giovanni Torres",
    "id": "f32c637c-3ae9-11ee-bdcf-dadc21ba0c54",
    "phone_ext_c": "114"
  },
  {
    "fullname": "Jose Rafael Meza Camacho",
    "id": "f3b980a8-bf35-11ec-8b91-dadc21ba0c54",
    "phone_ext_c": "300"
  },
  {
    "fullname": "Lucio Javier Poot Chulim",
    "id": "f3e9e482-9d05-11ee-869a-dadc21ba0c54",
    "phone_ext_c": "606"
  },
  {
    "fullname": "Edgard Lebron Landrau",
    "id": "f41b90ae-a98f-11ee-aa14-dadc21ba0c54",
    "phone_ext_c": "101"
  },
  {
    "fullname": "Isabel del Rosario Espinosa Cancino",
    "id": "f4ff0cf6-c5e8-11ee-b81b-dadc21ba0c54",
    "phone_ext_c": "536"
  },
  {
    "fullname": "Michael Cooper",
    "id": "f62fc2d6-06bf-11ec-9a83-dadc21ba0c54",
    "phone_ext_c": "105"
  },
  {
    "fullname": "Rosio Garcia",
    "id": "f918dcf8-85ea-11ec-8c6b-dadc21ba0c54",
    "phone_ext_c": "137"
  },
  {
    "fullname": "Victor Arturo Marin Marroquin",
    "id": "fce602d8-8d32-11ee-8321-dadc21ba0c54",
    "phone_ext_c": "301"
  },
  {
    "fullname": "Celsa Lopez Arguello ",
    "id": "fdf3e714-e8e5-11ec-bb73-dadc21ba0c54",
    "phone_ext_c": "126"
  },
  {
    "fullname": "Sugar Administrator",
    "id": "1",
    "phone_ext_c": "1"
  },
  {
    "fullname": "Rafael Castillo",
    "id": "12a44618-7a01-11e6-b7d6-005056958a49",
    "phone_ext_c": "101"
  },
  {
    "fullname": "Jordan Snow",
    "id": "4f0bf8a2-ba10-11ed-baf7-dadc21ba0c54",
    "phone_ext_c": "460"
  },
  {
    "fullname": "Claudia Gonzalez Delgado",
    "id": "7bc0a966-d597-11ea-bc04-dadc21ba0c54",
    "phone_ext_c": "196"
  },
  {
    "fullname": "Ivan Murillo",
    "id": "aa93da7e-416b-11e7-b909-005056951e6f",
    "phone_ext_c": "450"
  },
  {
    "fullname": "Marcel Cruz",
    "id": "ab571364-7a00-11e6-b44b-005056958a49",
    "phone_ext_c": "191"
  },
  {
    "fullname": "Daniel Chamizo",
    "id": "ce216ac0-1e4b-11ed-ad43-dadc21ba0c54",
    "phone_ext_c": "192"
  },
  {
    "fullname": "Kirk Ellsworth",
    "id": "fc9df7ba-7a00-11e6-bfd1-005056958a49",
    "phone_ext_c": "104"
  }
]