[
  {
    "extension": "100",
    "agent": "Admin Bot",
    "inboundAnswered": "0",
    "inboundUnanswered": "0",
    "outboundTcxAnswered": "0",
    "outboundTcxUnanswered": "0",
    "totalCallsTCXAnswered": "0",
    "totalCallsTCXUnanswered": "0",
    "totalTalkingTime": "00:00:00"
  },
  {
    "extension": "102",
    "agent": "Sheylah Rodriguez",
    "inboundAnswered": "0",
    "inboundUnanswered": "0",
    "outboundTcxAnswered": "0",
    "outboundTcxUnanswered": "0",
    "totalCallsTCXAnswered": "0",
    "totalCallsTCXUnanswered": "0",
    "totalTalkingTime": "00:00:00"
  },
  {
    "extension": "103",
    "agent": "Rafael Taylor",
    "inboundAnswered": "0",
    "inboundUnanswered": "0",
    "outboundTcxAnswered": "0",
    "outboundTcxUnanswered": "0",
    "totalCallsTCXAnswered": "0",
    "totalCallsTCXUnanswered": "0",
    "totalTalkingTime": "00:00:00"
  },
  {
    "extension": "104",
    "agent": "Kirk Ellsworth",
    "inboundAnswered": "0",
    "inboundUnanswered": "0",
    "outboundTcxAnswered": "0",
    "outboundTcxUnanswered": "0",
    "totalCallsTCXAnswered": "0",
    "totalCallsTCXUnanswered": "0",
    "totalTalkingTime": "00:00:00"
  },
  {
    "extension": "105",
    "agent": "Michael Cooper",
    "inboundAnswered": "0",
    "inboundUnanswered": "0",
    "outboundTcxAnswered": "0",
    "outboundTcxUnanswered": "0",
    "totalCallsTCXAnswered": "0",
    "totalCallsTCXUnanswered": "0",
    "totalTalkingTime": "00:00:00"
  },
  {
    "extension": "106",
    "agent": "Ricardo Perez Bartolomei",
    "inboundAnswered": "2",
    "inboundUnanswered": "1",
    "outboundTcxAnswered": "2",
    "outboundTcxUnanswered": "0",
    "totalCallsTCXAnswered": "4",
    "totalCallsTCXUnanswered": "1",
    "totalTalkingTime": "00:53:35"
  },
  {
    "extension": "107",
    "agent": "Xiomara Lezcano",
    "inboundAnswered": "0",
    "inboundUnanswered": "0",
    "outboundTcxAnswered": "1",
    "outboundTcxUnanswered": "0",
    "totalCallsTCXAnswered": "1",
    "totalCallsTCXUnanswered": "0",
    "totalTalkingTime": "00:02:35"
  },
  {
    "extension": "108",
    "agent": "Rafael Castillo",
    "inboundAnswered": "0",
    "inboundUnanswered": "1",
    "outboundTcxAnswered": "0",
    "outboundTcxUnanswered": "0",
    "totalCallsTCXAnswered": "0",
    "totalCallsTCXUnanswered": "1",
    "totalTalkingTime": "00:00:00"
  },
  {
    "extension": "109",
    "agent": "Matthew Velazquez",
    "inboundAnswered": "0",
    "inboundUnanswered": "0",
    "outboundTcxAnswered": "0",
    "outboundTcxUnanswered": "0",
    "totalCallsTCXAnswered": "0",
    "totalCallsTCXUnanswered": "0",
    "totalTalkingTime": "00:00:00"
  },
  {
    "extension": "110",
    "agent": "Bryan Pacheco",
    "inboundAnswered": "0",
    "inboundUnanswered": "0",
    "outboundTcxAnswered": "0",
    "outboundTcxUnanswered": "0",
    "totalCallsTCXAnswered": "0",
    "totalCallsTCXUnanswered": "0",
    "totalTalkingTime": "00:00:00"
  },
  {
    "extension": "111",
    "agent": "Ana Reyes",
    "inboundAnswered": "0",
    "inboundUnanswered": "0",
    "outboundTcxAnswered": "0",
    "outboundTcxUnanswered": "0",
    "totalCallsTCXAnswered": "0",
    "totalCallsTCXUnanswered": "0",
    "totalTalkingTime": "00:00:00"
  },
  {
    "extension": "112",
    "agent": "Julia Strehl",
    "inboundAnswered": "0",
    "inboundUnanswered": "0",
    "outboundTcxAnswered": "0",
    "outboundTcxUnanswered": "0",
    "totalCallsTCXAnswered": "0",
    "totalCallsTCXUnanswered": "0",
    "totalTalkingTime": "00:00:00"
  },
  {
    "extension": "113",
    "agent": "Andres Ybarra",
    "inboundAnswered": "0",
    "inboundUnanswered": "0",
    "outboundTcxAnswered": "15",
    "outboundTcxUnanswered": "4",
    "totalCallsTCXAnswered": "15",
    "totalCallsTCXUnanswered": "4",
    "totalTalkingTime": "00:31:36"
  },
  {
    "extension": "114",
    "agent": "Giovanni Torres",
    "inboundAnswered": "1",
    "inboundUnanswered": "0",
    "outboundTcxAnswered": "1",
    "outboundTcxUnanswered": "0",
    "totalCallsTCXAnswered": "2",
    "totalCallsTCXUnanswered": "0",
    "totalTalkingTime": "00:08:12"
  },
  {
    "extension": "115",
    "agent": "William Rivera",
    "inboundAnswered": "3",
    "inboundUnanswered": "0",
    "outboundTcxAnswered": "2",
    "outboundTcxUnanswered": "0",
    "totalCallsTCXAnswered": "5",
    "totalCallsTCXUnanswered": "0",
    "totalTalkingTime": "00:40:21"
  },
  {
    "extension": "116",
    "agent": "Godfrey Gillett",
    "inboundAnswered": "0",
    "inboundUnanswered": "0",
    "outboundTcxAnswered": "0",
    "outboundTcxUnanswered": "0",
    "totalCallsTCXAnswered": "0",
    "totalCallsTCXUnanswered": "0",
    "totalTalkingTime": "00:00:00"
  },
  {
    "extension": "117",
    "agent": "Yashira Alamo Sierra",
    "inboundAnswered": "0",
    "inboundUnanswered": "0",
    "outboundTcxAnswered": "0",
    "outboundTcxUnanswered": "0",
    "totalCallsTCXAnswered": "0",
    "totalCallsTCXUnanswered": "0",
    "totalTalkingTime": "00:00:00"
  },
  {
    "extension": "118",
    "agent": "Sheralys Tolentino",
    "inboundAnswered": "0",
    "inboundUnanswered": "0",
    "outboundTcxAnswered": "0",
    "outboundTcxUnanswered": "0",
    "totalCallsTCXAnswered": "0",
    "totalCallsTCXUnanswered": "0",
    "totalTalkingTime": "00:00:00"
  },
  {
    "extension": "119",
    "agent": "Yuralkys Gutierrez Rocha",
    "inboundAnswered": "0",
    "inboundUnanswered": "0",
    "outboundTcxAnswered": "0",
    "outboundTcxUnanswered": "0",
    "totalCallsTCXAnswered": "0",
    "totalCallsTCXUnanswered": "0",
    "totalTalkingTime": "00:00:00"
  },
  {
    "extension": "120",
    "agent": "Johnny Velazquez Navarro",
    "inboundAnswered": "0",
    "inboundUnanswered": "0",
    "outboundTcxAnswered": "0",
    "outboundTcxUnanswered": "0",
    "totalCallsTCXAnswered": "0",
    "totalCallsTCXUnanswered": "0",
    "totalTalkingTime": "00:00:00"
  },
  {
    "extension": "121",
    "agent": "Gwendolyn Moyer",
    "inboundAnswered": "0",
    "inboundUnanswered": "0",
    "outboundTcxAnswered": "2",
    "outboundTcxUnanswered": "0",
    "totalCallsTCXAnswered": "2",
    "totalCallsTCXUnanswered": "0",
    "totalTalkingTime": "00:14:08"
  },
  {
    "extension": "122",
    "agent": "Gavin Moats",
    "inboundAnswered": "0",
    "inboundUnanswered": "0",
    "outboundTcxAnswered": "0",
    "outboundTcxUnanswered": "0",
    "totalCallsTCXAnswered": "0",
    "totalCallsTCXUnanswered": "0",
    "totalTalkingTime": "00:00:00"
  },
  {
    "extension": "123",
    "agent": "Marinelly Lopez",
    "inboundAnswered": "0",
    "inboundUnanswered": "0",
    "outboundTcxAnswered": "0",
    "outboundTcxUnanswered": "0",
    "totalCallsTCXAnswered": "0",
    "totalCallsTCXUnanswered": "0",
    "totalTalkingTime": "00:00:00"
  },
  {
    "extension": "124",
    "agent": "Celia Canel Aviles",
    "inboundAnswered": "0",
    "inboundUnanswered": "0",
    "outboundTcxAnswered": "0",
    "outboundTcxUnanswered": "0",
    "totalCallsTCXAnswered": "0",
    "totalCallsTCXUnanswered": "0",
    "totalTalkingTime": "00:00:00"
  },
  {
    "extension": "125",
    "agent": "Jorge Ochoa",
    "inboundAnswered": "0",
    "inboundUnanswered": "0",
    "outboundTcxAnswered": "0",
    "outboundTcxUnanswered": "0",
    "totalCallsTCXAnswered": "0",
    "totalCallsTCXUnanswered": "0",
    "totalTalkingTime": "00:00:00"
  },
  {
    "extension": "126",
    "agent": "Celsa Lopez Arguello",
    "inboundAnswered": "0",
    "inboundUnanswered": "0",
    "outboundTcxAnswered": "0",
    "outboundTcxUnanswered": "0",
    "totalCallsTCXAnswered": "0",
    "totalCallsTCXUnanswered": "0",
    "totalTalkingTime": "00:00:00"
  },
  {
    "extension": "127",
    "agent": "Roberto Lizarra Padua",
    "inboundAnswered": "1",
    "inboundUnanswered": "0",
    "outboundTcxAnswered": "0",
    "outboundTcxUnanswered": "0",
    "totalCallsTCXAnswered": "1",
    "totalCallsTCXUnanswered": "0",
    "totalTalkingTime": "00:04:05"
  },
  {
    "extension": "128",
    "agent": "Maribel Rivera Ruiz",
    "inboundAnswered": "0",
    "inboundUnanswered": "0",
    "outboundTcxAnswered": "0",
    "outboundTcxUnanswered": "0",
    "totalCallsTCXAnswered": "0",
    "totalCallsTCXUnanswered": "0",
    "totalTalkingTime": "00:00:00"
  },
  {
    "extension": "129",
    "agent": "Michelle Canales",
    "inboundAnswered": "0",
    "inboundUnanswered": "0",
    "outboundTcxAnswered": "0",
    "outboundTcxUnanswered": "0",
    "totalCallsTCXAnswered": "0",
    "totalCallsTCXUnanswered": "0",
    "totalTalkingTime": "00:00:00"
  },
  {
    "extension": "130",
    "agent": "Aylen Pulido",
    "inboundAnswered": "0",
    "inboundUnanswered": "0",
    "outboundTcxAnswered": "0",
    "outboundTcxUnanswered": "0",
    "totalCallsTCXAnswered": "0",
    "totalCallsTCXUnanswered": "0",
    "totalTalkingTime": "00:00:00"
  },
  {
    "extension": "131",
    "agent": "Miriam Torres",
    "inboundAnswered": "0",
    "inboundUnanswered": "0",
    "outboundTcxAnswered": "0",
    "outboundTcxUnanswered": "0",
    "totalCallsTCXAnswered": "0",
    "totalCallsTCXUnanswered": "0",
    "totalTalkingTime": "00:00:00"
  },
  {
    "extension": "132",
    "agent": "Edwin Serrano",
    "inboundAnswered": "5",
    "inboundUnanswered": "0",
    "outboundTcxAnswered": "3",
    "outboundTcxUnanswered": "0",
    "totalCallsTCXAnswered": "8",
    "totalCallsTCXUnanswered": "0",
    "totalTalkingTime": "00:50:44"
  },
  {
    "extension": "133",
    "agent": "Ariadna Marie Santo",
    "inboundAnswered": "0",
    "inboundUnanswered": "0",
    "outboundTcxAnswered": "0",
    "outboundTcxUnanswered": "0",
    "totalCallsTCXAnswered": "0",
    "totalCallsTCXUnanswered": "0",
    "totalTalkingTime": "00:00:00"
  },
  {
    "extension": "134",
    "agent": "Rosanna Cal",
    "inboundAnswered": "0",
    "inboundUnanswered": "0",
    "outboundTcxAnswered": "0",
    "outboundTcxUnanswered": "0",
    "totalCallsTCXAnswered": "0",
    "totalCallsTCXUnanswered": "0",
    "totalTalkingTime": "00:00:00"
  },
  {
    "extension": "135",
    "agent": "Rocio Alvarez",
    "inboundAnswered": "0",
    "inboundUnanswered": "0",
    "outboundTcxAnswered": "0",
    "outboundTcxUnanswered": "0",
    "totalCallsTCXAnswered": "0",
    "totalCallsTCXUnanswered": "0",
    "totalTalkingTime": "00:00:00"
  },
  {
    "extension": "136",
    "agent": "Mariane Rivera",
    "inboundAnswered": "5",
    "inboundUnanswered": "0",
    "outboundTcxAnswered": "5",
    "outboundTcxUnanswered": "0",
    "totalCallsTCXAnswered": "10",
    "totalCallsTCXUnanswered": "0",
    "totalTalkingTime": "00:50:50"
  },
  {
    "extension": "137",
    "agent": "Laura Crumley",
    "inboundAnswered": "4",
    "inboundUnanswered": "0",
    "outboundTcxAnswered": "4",
    "outboundTcxUnanswered": "0",
    "totalCallsTCXAnswered": "8",
    "totalCallsTCXUnanswered": "0",
    "totalTalkingTime": "00:11:41"
  },
  {
    "extension": "138",
    "agent": "Manuel Mireles Gonzalez",
    "inboundAnswered": "1",
    "inboundUnanswered": "2",
    "outboundTcxAnswered": "15",
    "outboundTcxUnanswered": "3",
    "totalCallsTCXAnswered": "16",
    "totalCallsTCXUnanswered": "5",
    "totalTalkingTime": "00:17:35"
  },
  {
    "extension": "139",
    "agent": "Marigloria Colon",
    "inboundAnswered": "0",
    "inboundUnanswered": "0",
    "outboundTcxAnswered": "0",
    "outboundTcxUnanswered": "0",
    "totalCallsTCXAnswered": "0",
    "totalCallsTCXUnanswered": "0",
    "totalTalkingTime": "00:00:00"
  },
  {
    "extension": "140",
    "agent": "Hector Velazquez",
    "inboundAnswered": "0",
    "inboundUnanswered": "0",
    "outboundTcxAnswered": "0",
    "outboundTcxUnanswered": "0",
    "totalCallsTCXAnswered": "0",
    "totalCallsTCXUnanswered": "0",
    "totalTalkingTime": "00:00:00"
  },
  {
    "extension": "141",
    "agent": "Veronica Navarro",
    "inboundAnswered": "0",
    "inboundUnanswered": "0",
    "outboundTcxAnswered": "0",
    "outboundTcxUnanswered": "0",
    "totalCallsTCXAnswered": "0",
    "totalCallsTCXUnanswered": "0",
    "totalTalkingTime": "00:00:00"
  },
  {
    "extension": "142",
    "agent": "Jhoely Damaris Castellanos",
    "inboundAnswered": "0",
    "inboundUnanswered": "0",
    "outboundTcxAnswered": "0",
    "outboundTcxUnanswered": "0",
    "totalCallsTCXAnswered": "0",
    "totalCallsTCXUnanswered": "0",
    "totalTalkingTime": "00:00:00"
  },
  {
    "extension": "143",
    "agent": "Andrea Rodriguez",
    "inboundAnswered": "0",
    "inboundUnanswered": "0",
    "outboundTcxAnswered": "0",
    "outboundTcxUnanswered": "0",
    "totalCallsTCXAnswered": "0",
    "totalCallsTCXUnanswered": "0",
    "totalTalkingTime": "00:00:00"
  },
  {
    "extension": "145",
    "agent": "Leticia Ruiz",
    "inboundAnswered": "0",
    "inboundUnanswered": "0",
    "outboundTcxAnswered": "0",
    "outboundTcxUnanswered": "0",
    "totalCallsTCXAnswered": "0",
    "totalCallsTCXUnanswered": "0",
    "totalTalkingTime": "00:00:00"
  },
  {
    "extension": "146",
    "agent": "Veronica Coronado",
    "inboundAnswered": "0",
    "inboundUnanswered": "0",
    "outboundTcxAnswered": "0",
    "outboundTcxUnanswered": "0",
    "totalCallsTCXAnswered": "0",
    "totalCallsTCXUnanswered": "0",
    "totalTalkingTime": "00:00:00"
  },
  {
    "extension": "147",
    "agent": "Jocelyn Hernandez Torres",
    "inboundAnswered": "0",
    "inboundUnanswered": "0",
    "outboundTcxAnswered": "0",
    "outboundTcxUnanswered": "0",
    "totalCallsTCXAnswered": "0",
    "totalCallsTCXUnanswered": "0",
    "totalTalkingTime": "00:00:00"
  },
  {
    "extension": "148",
    "agent": "Jessica Cristancho",
    "inboundAnswered": "0",
    "inboundUnanswered": "0",
    "outboundTcxAnswered": "0",
    "outboundTcxUnanswered": "0",
    "totalCallsTCXAnswered": "0",
    "totalCallsTCXUnanswered": "0",
    "totalTalkingTime": "00:00:00"
  },
  {
    "extension": "149",
    "agent": "Maria Midence",
    "inboundAnswered": "0",
    "inboundUnanswered": "0",
    "outboundTcxAnswered": "0",
    "outboundTcxUnanswered": "0",
    "totalCallsTCXAnswered": "0",
    "totalCallsTCXUnanswered": "0",
    "totalTalkingTime": "00:00:00"
  },
  {
    "extension": "150",
    "agent": "Luz Abarca",
    "inboundAnswered": "0",
    "inboundUnanswered": "0",
    "outboundTcxAnswered": "0",
    "outboundTcxUnanswered": "0",
    "totalCallsTCXAnswered": "0",
    "totalCallsTCXUnanswered": "0",
    "totalTalkingTime": "00:00:00"
  },
  {
    "extension": "151",
    "agent": "Mariana Tamborrell Perez",
    "inboundAnswered": "0",
    "inboundUnanswered": "0",
    "outboundTcxAnswered": "0",
    "outboundTcxUnanswered": "0",
    "totalCallsTCXAnswered": "0",
    "totalCallsTCXUnanswered": "0",
    "totalTalkingTime": "00:00:00"
  },
  {
    "extension": "152",
    "agent": "John Paul Valero",
    "inboundAnswered": "0",
    "inboundUnanswered": "0",
    "outboundTcxAnswered": "0",
    "outboundTcxUnanswered": "0",
    "totalCallsTCXAnswered": "0",
    "totalCallsTCXUnanswered": "0",
    "totalTalkingTime": "00:00:00"
  },
  {
    "extension": "153",
    "agent": "Yanilis Emmanuelli Molina",
    "inboundAnswered": "0",
    "inboundUnanswered": "0",
    "outboundTcxAnswered": "0",
    "outboundTcxUnanswered": "0",
    "totalCallsTCXAnswered": "0",
    "totalCallsTCXUnanswered": "0",
    "totalTalkingTime": "00:00:00"
  },
  {
    "extension": "154",
    "agent": "Luis Mayoral Reichard",
    "inboundAnswered": "1",
    "inboundUnanswered": "0",
    "outboundTcxAnswered": "1",
    "outboundTcxUnanswered": "0",
    "totalCallsTCXAnswered": "2",
    "totalCallsTCXUnanswered": "0",
    "totalTalkingTime": "00:30:49"
  },
  {
    "extension": "156",
    "agent": "Pedro Nieves",
    "inboundAnswered": "7",
    "inboundUnanswered": "1",
    "outboundTcxAnswered": "5",
    "outboundTcxUnanswered": "0",
    "totalCallsTCXAnswered": "12",
    "totalCallsTCXUnanswered": "1",
    "totalTalkingTime": "01:00:12"
  },
  {
    "extension": "158",
    "agent": "Jean Paul Rodriguez",
    "inboundAnswered": "0",
    "inboundUnanswered": "0",
    "outboundTcxAnswered": "0",
    "outboundTcxUnanswered": "0",
    "totalCallsTCXAnswered": "0",
    "totalCallsTCXUnanswered": "0",
    "totalTalkingTime": "00:00:00"
  },
  {
    "extension": "160",
    "agent": "Giovanni Lopez Mercado",
    "inboundAnswered": "0",
    "inboundUnanswered": "0",
    "outboundTcxAnswered": "1",
    "outboundTcxUnanswered": "0",
    "totalCallsTCXAnswered": "1",
    "totalCallsTCXUnanswered": "0",
    "totalTalkingTime": "00:13:37"
  },
  {
    "extension": "162",
    "agent": "Sam Zermeno",
    "inboundAnswered": "1",
    "inboundUnanswered": "0",
    "outboundTcxAnswered": "0",
    "outboundTcxUnanswered": "0",
    "totalCallsTCXAnswered": "1",
    "totalCallsTCXUnanswered": "0",
    "totalTalkingTime": "00:07:30"
  },
  {
    "extension": "174",
    "agent": "Viviana Alvarez",
    "inboundAnswered": "0",
    "inboundUnanswered": "0",
    "outboundTcxAnswered": "0",
    "outboundTcxUnanswered": "0",
    "totalCallsTCXAnswered": "0",
    "totalCallsTCXUnanswered": "0",
    "totalTalkingTime": "00:00:00"
  },
  {
    "extension": "175",
    "agent": "Teddy Alfonso",
    "inboundAnswered": "0",
    "inboundUnanswered": "0",
    "outboundTcxAnswered": "0",
    "outboundTcxUnanswered": "0",
    "totalCallsTCXAnswered": "0",
    "totalCallsTCXUnanswered": "0",
    "totalTalkingTime": "00:00:00"
  },
  {
    "extension": "176",
    "agent": "Gabriela Roman",
    "inboundAnswered": "0",
    "inboundUnanswered": "0",
    "outboundTcxAnswered": "0",
    "outboundTcxUnanswered": "0",
    "totalCallsTCXAnswered": "0",
    "totalCallsTCXUnanswered": "0",
    "totalTalkingTime": "00:00:00"
  },
  {
    "extension": "178",
    "agent": "Eliana Vega",
    "inboundAnswered": "0",
    "inboundUnanswered": "0",
    "outboundTcxAnswered": "0",
    "outboundTcxUnanswered": "0",
    "totalCallsTCXAnswered": "0",
    "totalCallsTCXUnanswered": "0",
    "totalTalkingTime": "00:00:00"
  },
  {
    "extension": "179",
    "agent": "Marlon Diaz",
    "inboundAnswered": "0",
    "inboundUnanswered": "0",
    "outboundTcxAnswered": "2",
    "outboundTcxUnanswered": "0",
    "totalCallsTCXAnswered": "2",
    "totalCallsTCXUnanswered": "0",
    "totalTalkingTime": "00:00:04"
  },
  {
    "extension": "201",
    "agent": "Israel Jimenez Alcantara",
    "inboundAnswered": "7",
    "inboundUnanswered": "2",
    "outboundTcxAnswered": "3",
    "outboundTcxUnanswered": "2",
    "totalCallsTCXAnswered": "10",
    "totalCallsTCXUnanswered": "4",
    "totalTalkingTime": "01:15:28"
  },
  {
    "extension": "203",
    "agent": "Lucy Basabe",
    "inboundAnswered": "8",
    "inboundUnanswered": "3",
    "outboundTcxAnswered": "14",
    "outboundTcxUnanswered": "0",
    "totalCallsTCXAnswered": "22",
    "totalCallsTCXUnanswered": "3",
    "totalTalkingTime": "01:30:57"
  },
  {
    "extension": "204",
    "agent": "Kenneth Eduardo Perez",
    "inboundAnswered": "0",
    "inboundUnanswered": "3",
    "outboundTcxAnswered": "0",
    "outboundTcxUnanswered": "0",
    "totalCallsTCXAnswered": "0",
    "totalCallsTCXUnanswered": "3",
    "totalTalkingTime": "00:00:00"
  },
  {
    "extension": "206",
    "agent": "Angelica Velazquez",
    "inboundAnswered": "1",
    "inboundUnanswered": "0",
    "outboundTcxAnswered": "1",
    "outboundTcxUnanswered": "0",
    "totalCallsTCXAnswered": "2",
    "totalCallsTCXUnanswered": "0",
    "totalTalkingTime": "01:04:59"
  },
  {
    "extension": "207",
    "agent": "Diego Salazar",
    "inboundAnswered": "19",
    "inboundUnanswered": "0",
    "outboundTcxAnswered": "12",
    "outboundTcxUnanswered": "7",
    "totalCallsTCXAnswered": "31",
    "totalCallsTCXUnanswered": "7",
    "totalTalkingTime": "01:07:38"
  },
  {
    "extension": "208",
    "agent": "Juan Carlos Bustamante",
    "inboundAnswered": "10",
    "inboundUnanswered": "2",
    "outboundTcxAnswered": "8",
    "outboundTcxUnanswered": "1",
    "totalCallsTCXAnswered": "18",
    "totalCallsTCXUnanswered": "3",
    "totalTalkingTime": "00:53:56"
  },
  {
    "extension": "209",
    "agent": "Iker Espinosa de",
    "inboundAnswered": "5",
    "inboundUnanswered": "3",
    "outboundTcxAnswered": "4",
    "outboundTcxUnanswered": "4",
    "totalCallsTCXAnswered": "9",
    "totalCallsTCXUnanswered": "7",
    "totalTalkingTime": "00:50:55"
  },
  {
    "extension": "221",
    "agent": "Jhony Quintero",
    "inboundAnswered": "0",
    "inboundUnanswered": "0",
    "outboundTcxAnswered": "0",
    "outboundTcxUnanswered": "0",
    "totalCallsTCXAnswered": "0",
    "totalCallsTCXUnanswered": "0",
    "totalTalkingTime": "00:00:00"
  },
  {
    "extension": "231",
    "agent": "Shirley Jimenez",
    "inboundAnswered": "0",
    "inboundUnanswered": "0",
    "outboundTcxAnswered": "0",
    "outboundTcxUnanswered": "0",
    "totalCallsTCXAnswered": "0",
    "totalCallsTCXUnanswered": "0",
    "totalTalkingTime": "00:00:00"
  },
  {
    "extension": "232",
    "agent": "Andrea Villanueva",
    "inboundAnswered": "0",
    "inboundUnanswered": "0",
    "outboundTcxAnswered": "0",
    "outboundTcxUnanswered": "0",
    "totalCallsTCXAnswered": "0",
    "totalCallsTCXUnanswered": "0",
    "totalTalkingTime": "00:00:00"
  },
  {
    "extension": "233",
    "agent": "Esthefani Benalcazar",
    "inboundAnswered": "0",
    "inboundUnanswered": "0",
    "outboundTcxAnswered": "0",
    "outboundTcxUnanswered": "0",
    "totalCallsTCXAnswered": "0",
    "totalCallsTCXUnanswered": "0",
    "totalTalkingTime": "00:00:00"
  },
  {
    "extension": "235",
    "agent": "Yasmin Veliz",
    "inboundAnswered": "0",
    "inboundUnanswered": "0",
    "outboundTcxAnswered": "0",
    "outboundTcxUnanswered": "0",
    "totalCallsTCXAnswered": "0",
    "totalCallsTCXUnanswered": "0",
    "totalTalkingTime": "00:00:00"
  },
  {
    "extension": "236",
    "agent": "Teresa Lopez",
    "inboundAnswered": "0",
    "inboundUnanswered": "0",
    "outboundTcxAnswered": "0",
    "outboundTcxUnanswered": "0",
    "totalCallsTCXAnswered": "0",
    "totalCallsTCXUnanswered": "0",
    "totalTalkingTime": "00:00:00"
  },
  {
    "extension": "237",
    "agent": "Irma Cornier",
    "inboundAnswered": "0",
    "inboundUnanswered": "0",
    "outboundTcxAnswered": "0",
    "outboundTcxUnanswered": "0",
    "totalCallsTCXAnswered": "0",
    "totalCallsTCXUnanswered": "0",
    "totalTalkingTime": "00:00:00"
  },
  {
    "extension": "238",
    "agent": "Rosio Garcia",
    "inboundAnswered": "0",
    "inboundUnanswered": "0",
    "outboundTcxAnswered": "0",
    "outboundTcxUnanswered": "0",
    "totalCallsTCXAnswered": "0",
    "totalCallsTCXUnanswered": "0",
    "totalTalkingTime": "00:00:00"
  },
  {
    "extension": "239",
    "agent": "Daniela Mariana Moreno",
    "inboundAnswered": "0",
    "inboundUnanswered": "0",
    "outboundTcxAnswered": "0",
    "outboundTcxUnanswered": "0",
    "totalCallsTCXAnswered": "0",
    "totalCallsTCXUnanswered": "0",
    "totalTalkingTime": "00:00:00"
  },
  {
    "extension": "240",
    "agent": "Nuria Zarahi Cano",
    "inboundAnswered": "0",
    "inboundUnanswered": "0",
    "outboundTcxAnswered": "0",
    "outboundTcxUnanswered": "0",
    "totalCallsTCXAnswered": "0",
    "totalCallsTCXUnanswered": "0",
    "totalTalkingTime": "00:00:00"
  },
  {
    "extension": "241",
    "agent": "Sonia Sanchez",
    "inboundAnswered": "0",
    "inboundUnanswered": "0",
    "outboundTcxAnswered": "0",
    "outboundTcxUnanswered": "0",
    "totalCallsTCXAnswered": "0",
    "totalCallsTCXUnanswered": "0",
    "totalTalkingTime": "00:00:00"
  },
  {
    "extension": "242",
    "agent": "Natalie Zamora",
    "inboundAnswered": "0",
    "inboundUnanswered": "0",
    "outboundTcxAnswered": "0",
    "outboundTcxUnanswered": "0",
    "totalCallsTCXAnswered": "0",
    "totalCallsTCXUnanswered": "0",
    "totalTalkingTime": "00:00:00"
  },
  {
    "extension": "243",
    "agent": "Jose Manuel Romero",
    "inboundAnswered": "0",
    "inboundUnanswered": "0",
    "outboundTcxAnswered": "0",
    "outboundTcxUnanswered": "0",
    "totalCallsTCXAnswered": "0",
    "totalCallsTCXUnanswered": "0",
    "totalTalkingTime": "00:00:00"
  },
  {
    "extension": "244",
    "agent": "Giovanni Francisco Del",
    "inboundAnswered": "0",
    "inboundUnanswered": "0",
    "outboundTcxAnswered": "0",
    "outboundTcxUnanswered": "0",
    "totalCallsTCXAnswered": "0",
    "totalCallsTCXUnanswered": "0",
    "totalTalkingTime": "00:00:00"
  },
  {
    "extension": "245",
    "agent": "Metzli Jadisha Rivera",
    "inboundAnswered": "0",
    "inboundUnanswered": "0",
    "outboundTcxAnswered": "0",
    "outboundTcxUnanswered": "0",
    "totalCallsTCXAnswered": "0",
    "totalCallsTCXUnanswered": "0",
    "totalTalkingTime": "00:00:00"
  },
  {
    "extension": "246",
    "agent": "John Santos",
    "inboundAnswered": "0",
    "inboundUnanswered": "0",
    "outboundTcxAnswered": "0",
    "outboundTcxUnanswered": "0",
    "totalCallsTCXAnswered": "0",
    "totalCallsTCXUnanswered": "0",
    "totalTalkingTime": "00:00:00"
  },
  {
    "extension": "250",
    "agent": "Laura Cordova",
    "inboundAnswered": "0",
    "inboundUnanswered": "0",
    "outboundTcxAnswered": "0",
    "outboundTcxUnanswered": "0",
    "totalCallsTCXAnswered": "0",
    "totalCallsTCXUnanswered": "0",
    "totalTalkingTime": "00:00:00"
  },
  {
    "extension": "251",
    "agent": "Katy Sosa",
    "inboundAnswered": "0",
    "inboundUnanswered": "0",
    "outboundTcxAnswered": "3",
    "outboundTcxUnanswered": "0",
    "totalCallsTCXAnswered": "3",
    "totalCallsTCXUnanswered": "0",
    "totalTalkingTime": "00:02:26"
  },
  {
    "extension": "254",
    "agent": "Gabriela Velazquez",
    "inboundAnswered": "0",
    "inboundUnanswered": "1",
    "outboundTcxAnswered": "0",
    "outboundTcxUnanswered": "0",
    "totalCallsTCXAnswered": "0",
    "totalCallsTCXUnanswered": "1",
    "totalTalkingTime": "00:00:00"
  },
  {
    "extension": "255",
    "agent": "Stefany Veliz",
    "inboundAnswered": "0",
    "inboundUnanswered": "0",
    "outboundTcxAnswered": "0",
    "outboundTcxUnanswered": "0",
    "totalCallsTCXAnswered": "0",
    "totalCallsTCXUnanswered": "0",
    "totalTalkingTime": "00:00:00"
  },
  {
    "extension": "262",
    "agent": "Juan Alegria",
    "inboundAnswered": "0",
    "inboundUnanswered": "0",
    "outboundTcxAnswered": "2",
    "outboundTcxUnanswered": "1",
    "totalCallsTCXAnswered": "2",
    "totalCallsTCXUnanswered": "1",
    "totalTalkingTime": "00:01:21"
  },
  {
    "extension": "300",
    "agent": "Jose Rafael Meza",
    "inboundAnswered": "0",
    "inboundUnanswered": "0",
    "outboundTcxAnswered": "5",
    "outboundTcxUnanswered": "0",
    "totalCallsTCXAnswered": "5",
    "totalCallsTCXUnanswered": "0",
    "totalTalkingTime": "00:25:37"
  },
  {
    "extension": "301",
    "agent": "Pedro Alonso Ramos",
    "inboundAnswered": "0",
    "inboundUnanswered": "0",
    "outboundTcxAnswered": "2",
    "outboundTcxUnanswered": "0",
    "totalCallsTCXAnswered": "2",
    "totalCallsTCXUnanswered": "0",
    "totalTalkingTime": "00:06:55"
  },
  {
    "extension": "302",
    "agent": "Lucio Otniel Dominguez",
    "inboundAnswered": "0",
    "inboundUnanswered": "0",
    "outboundTcxAnswered": "0",
    "outboundTcxUnanswered": "0",
    "totalCallsTCXAnswered": "0",
    "totalCallsTCXUnanswered": "0",
    "totalTalkingTime": "00:00:00"
  },
  {
    "extension": "303",
    "agent": "Sharon Geovanna Triano",
    "inboundAnswered": "0",
    "inboundUnanswered": "1",
    "outboundTcxAnswered": "8",
    "outboundTcxUnanswered": "3",
    "totalCallsTCXAnswered": "8",
    "totalCallsTCXUnanswered": "4",
    "totalTalkingTime": "00:10:09"
  },
  {
    "extension": "304",
    "agent": "Cristian Lopez Interian",
    "inboundAnswered": "0",
    "inboundUnanswered": "0",
    "outboundTcxAnswered": "2",
    "outboundTcxUnanswered": "0",
    "totalCallsTCXAnswered": "2",
    "totalCallsTCXUnanswered": "0",
    "totalTalkingTime": "00:00:37"
  },
  {
    "extension": "305",
    "agent": "Jose Gilberto Loeza",
    "inboundAnswered": "0",
    "inboundUnanswered": "0",
    "outboundTcxAnswered": "0",
    "outboundTcxUnanswered": "0",
    "totalCallsTCXAnswered": "0",
    "totalCallsTCXUnanswered": "0",
    "totalTalkingTime": "00:00:00"
  },
  {
    "extension": "306",
    "agent": "Zulema Vazquez",
    "inboundAnswered": "7",
    "inboundUnanswered": "1",
    "outboundTcxAnswered": "2",
    "outboundTcxUnanswered": "0",
    "totalCallsTCXAnswered": "9",
    "totalCallsTCXUnanswered": "1",
    "totalTalkingTime": "00:38:53"
  },
  {
    "extension": "307",
    "agent": "Viviana Morales Hernandez",
    "inboundAnswered": "0",
    "inboundUnanswered": "0",
    "outboundTcxAnswered": "0",
    "outboundTcxUnanswered": "0",
    "totalCallsTCXAnswered": "0",
    "totalCallsTCXUnanswered": "0",
    "totalTalkingTime": "00:00:00"
  },
  {
    "extension": "308",
    "agent": "Lucas David Castillo",
    "inboundAnswered": "9",
    "inboundUnanswered": "0",
    "outboundTcxAnswered": "1",
    "outboundTcxUnanswered": "0",
    "totalCallsTCXAnswered": "10",
    "totalCallsTCXUnanswered": "0",
    "totalTalkingTime": "00:56:08"
  },
  {
    "extension": "309",
    "agent": "Brenda Sofia Ramos",
    "inboundAnswered": "0",
    "inboundUnanswered": "2",
    "outboundTcxAnswered": "4",
    "outboundTcxUnanswered": "1",
    "totalCallsTCXAnswered": "4",
    "totalCallsTCXUnanswered": "3",
    "totalTalkingTime": "00:09:55"
  },
  {
    "extension": "310",
    "agent": "Sergio Ricardo Montoya",
    "inboundAnswered": "0",
    "inboundUnanswered": "0",
    "outboundTcxAnswered": "0",
    "outboundTcxUnanswered": "0",
    "totalCallsTCXAnswered": "0",
    "totalCallsTCXUnanswered": "0",
    "totalTalkingTime": "00:00:00"
  },
  {
    "extension": "311",
    "agent": "Hilary Estrella Cetz",
    "inboundAnswered": "3",
    "inboundUnanswered": "2",
    "outboundTcxAnswered": "0",
    "outboundTcxUnanswered": "0",
    "totalCallsTCXAnswered": "3",
    "totalCallsTCXUnanswered": "2",
    "totalTalkingTime": "00:26:31"
  },
  {
    "extension": "312",
    "agent": "Melanie Yuridia Salgado",
    "inboundAnswered": "0",
    "inboundUnanswered": "0",
    "outboundTcxAnswered": "0",
    "outboundTcxUnanswered": "0",
    "totalCallsTCXAnswered": "0",
    "totalCallsTCXUnanswered": "0",
    "totalTalkingTime": "00:00:00"
  },
  {
    "extension": "313",
    "agent": "Rosa Rosales",
    "inboundAnswered": "0",
    "inboundUnanswered": "0",
    "outboundTcxAnswered": "10",
    "outboundTcxUnanswered": "6",
    "totalCallsTCXAnswered": "10",
    "totalCallsTCXUnanswered": "6",
    "totalTalkingTime": "00:18:42"
  },
  {
    "extension": "314",
    "agent": "Adriana Carolina Gomez",
    "inboundAnswered": "7",
    "inboundUnanswered": "0",
    "outboundTcxAnswered": "0",
    "outboundTcxUnanswered": "0",
    "totalCallsTCXAnswered": "7",
    "totalCallsTCXUnanswered": "0",
    "totalTalkingTime": "01:11:07"
  },
  {
    "extension": "315",
    "agent": "Reyna Garcia",
    "inboundAnswered": "4",
    "inboundUnanswered": "1",
    "outboundTcxAnswered": "12",
    "outboundTcxUnanswered": "0",
    "totalCallsTCXAnswered": "16",
    "totalCallsTCXUnanswered": "1",
    "totalTalkingTime": "01:05:52"
  },
  {
    "extension": "316",
    "agent": "Grisell Emilia Lili",
    "inboundAnswered": "0",
    "inboundUnanswered": "0",
    "outboundTcxAnswered": "5",
    "outboundTcxUnanswered": "0",
    "totalCallsTCXAnswered": "5",
    "totalCallsTCXUnanswered": "0",
    "totalTalkingTime": "00:42:25"
  },
  {
    "extension": "317",
    "agent": "Angela Azenet Trujillo",
    "inboundAnswered": "3",
    "inboundUnanswered": "0",
    "outboundTcxAnswered": "1",
    "outboundTcxUnanswered": "0",
    "totalCallsTCXAnswered": "4",
    "totalCallsTCXUnanswered": "0",
    "totalTalkingTime": "01:22:44"
  },
  {
    "extension": "318",
    "agent": "Carlos Antonio Peraza",
    "inboundAnswered": "10",
    "inboundUnanswered": "0",
    "outboundTcxAnswered": "0",
    "outboundTcxUnanswered": "0",
    "totalCallsTCXAnswered": "10",
    "totalCallsTCXUnanswered": "0",
    "totalTalkingTime": "00:41:13"
  },
  {
    "extension": "319",
    "agent": "Paulina Guadalupe Rangel",
    "inboundAnswered": "0",
    "inboundUnanswered": "0",
    "outboundTcxAnswered": "0",
    "outboundTcxUnanswered": "0",
    "totalCallsTCXAnswered": "0",
    "totalCallsTCXUnanswered": "0",
    "totalTalkingTime": "00:00:00"
  },
  {
    "extension": "320",
    "agent": "Edgar Espinosa Fuentes",
    "inboundAnswered": "0",
    "inboundUnanswered": "0",
    "outboundTcxAnswered": "0",
    "outboundTcxUnanswered": "0",
    "totalCallsTCXAnswered": "0",
    "totalCallsTCXUnanswered": "0",
    "totalTalkingTime": "00:00:00"
  },
  {
    "extension": "321",
    "agent": "Sarahi Viridiana Ojeda",
    "inboundAnswered": "14",
    "inboundUnanswered": "1",
    "outboundTcxAnswered": "0",
    "outboundTcxUnanswered": "0",
    "totalCallsTCXAnswered": "14",
    "totalCallsTCXUnanswered": "1",
    "totalTalkingTime": "01:36:09"
  },
  {
    "extension": "322",
    "agent": "Gabriela Lucia Fletes",
    "inboundAnswered": "0",
    "inboundUnanswered": "0",
    "outboundTcxAnswered": "0",
    "outboundTcxUnanswered": "0",
    "totalCallsTCXAnswered": "0",
    "totalCallsTCXUnanswered": "0",
    "totalTalkingTime": "00:00:00"
  },
  {
    "extension": "323",
    "agent": "Diego Antonio Hernandez",
    "inboundAnswered": "0",
    "inboundUnanswered": "0",
    "outboundTcxAnswered": "2",
    "outboundTcxUnanswered": "0",
    "totalCallsTCXAnswered": "2",
    "totalCallsTCXUnanswered": "0",
    "totalTalkingTime": "00:03:29"
  },
  {
    "extension": "324",
    "agent": "Hector Alonso Palacios",
    "inboundAnswered": "7",
    "inboundUnanswered": "0",
    "outboundTcxAnswered": "7",
    "outboundTcxUnanswered": "1",
    "totalCallsTCXAnswered": "14",
    "totalCallsTCXUnanswered": "1",
    "totalTalkingTime": "00:43:22"
  },
  {
    "extension": "326",
    "agent": "Andrea Melissa Carabantes",
    "inboundAnswered": "6",
    "inboundUnanswered": "0",
    "outboundTcxAnswered": "2",
    "outboundTcxUnanswered": "0",
    "totalCallsTCXAnswered": "8",
    "totalCallsTCXUnanswered": "0",
    "totalTalkingTime": "00:52:56"
  },
  {
    "extension": "327",
    "agent": "Ricardo Suaste Clemente",
    "inboundAnswered": "6",
    "inboundUnanswered": "0",
    "outboundTcxAnswered": "2",
    "outboundTcxUnanswered": "0",
    "totalCallsTCXAnswered": "8",
    "totalCallsTCXUnanswered": "0",
    "totalTalkingTime": "00:38:16"
  },
  {
    "extension": "328",
    "agent": "Aurora Sofia Ruiz",
    "inboundAnswered": "0",
    "inboundUnanswered": "1",
    "outboundTcxAnswered": "1",
    "outboundTcxUnanswered": "0",
    "totalCallsTCXAnswered": "1",
    "totalCallsTCXUnanswered": "1",
    "totalTalkingTime": "00:21:17"
  },
  {
    "extension": "329",
    "agent": "Leon Alfonso Garcin",
    "inboundAnswered": "0",
    "inboundUnanswered": "0",
    "outboundTcxAnswered": "2",
    "outboundTcxUnanswered": "0",
    "totalCallsTCXAnswered": "2",
    "totalCallsTCXUnanswered": "0",
    "totalTalkingTime": "00:07:49"
  },
  {
    "extension": "330",
    "agent": "Adilenys Gonzalez Pardo",
    "inboundAnswered": "0",
    "inboundUnanswered": "0",
    "outboundTcxAnswered": "0",
    "outboundTcxUnanswered": "0",
    "totalCallsTCXAnswered": "0",
    "totalCallsTCXUnanswered": "0",
    "totalTalkingTime": "00:00:00"
  },
  {
    "extension": "332",
    "agent": "Gerardo Antonio Garcia",
    "inboundAnswered": "10",
    "inboundUnanswered": "3",
    "outboundTcxAnswered": "3",
    "outboundTcxUnanswered": "1",
    "totalCallsTCXAnswered": "13",
    "totalCallsTCXUnanswered": "4",
    "totalTalkingTime": "01:10:11"
  },
  {
    "extension": "334",
    "agent": "Jhonny Rene Sanchez",
    "inboundAnswered": "1",
    "inboundUnanswered": "0",
    "outboundTcxAnswered": "4",
    "outboundTcxUnanswered": "0",
    "totalCallsTCXAnswered": "5",
    "totalCallsTCXUnanswered": "0",
    "totalTalkingTime": "00:20:47"
  },
  {
    "extension": "335",
    "agent": "Merly Merari Herrera",
    "inboundAnswered": "0",
    "inboundUnanswered": "0",
    "outboundTcxAnswered": "2",
    "outboundTcxUnanswered": "0",
    "totalCallsTCXAnswered": "2",
    "totalCallsTCXUnanswered": "0",
    "totalTalkingTime": "00:02:08"
  },
  {
    "extension": "336",
    "agent": "Bruno Alberico Rocamora",
    "inboundAnswered": "13",
    "inboundUnanswered": "0",
    "outboundTcxAnswered": "0",
    "outboundTcxUnanswered": "0",
    "totalCallsTCXAnswered": "13",
    "totalCallsTCXUnanswered": "0",
    "totalTalkingTime": "01:45:14"
  },
  {
    "extension": "337",
    "agent": "Gustavo Vargas Hernandez",
    "inboundAnswered": "0",
    "inboundUnanswered": "0",
    "outboundTcxAnswered": "0",
    "outboundTcxUnanswered": "0",
    "totalCallsTCXAnswered": "0",
    "totalCallsTCXUnanswered": "0",
    "totalTalkingTime": "00:00:00"
  },
  {
    "extension": "338",
    "agent": "Merly Berenice Kauil",
    "inboundAnswered": "1",
    "inboundUnanswered": "0",
    "outboundTcxAnswered": "2",
    "outboundTcxUnanswered": "0",
    "totalCallsTCXAnswered": "3",
    "totalCallsTCXUnanswered": "0",
    "totalTalkingTime": "00:07:25"
  },
  {
    "extension": "339",
    "agent": "Humberto Ledesma",
    "inboundAnswered": "1",
    "inboundUnanswered": "0",
    "outboundTcxAnswered": "1",
    "outboundTcxUnanswered": "0",
    "totalCallsTCXAnswered": "2",
    "totalCallsTCXUnanswered": "0",
    "totalTalkingTime": "01:31:12"
  },
  {
    "extension": "340",
    "agent": "Luis Zadkiel Diaz",
    "inboundAnswered": "0",
    "inboundUnanswered": "0",
    "outboundTcxAnswered": "0",
    "outboundTcxUnanswered": "0",
    "totalCallsTCXAnswered": "0",
    "totalCallsTCXUnanswered": "0",
    "totalTalkingTime": "00:00:00"
  },
  {
    "extension": "341",
    "agent": "Felipe Alexandro Solis",
    "inboundAnswered": "8",
    "inboundUnanswered": "0",
    "outboundTcxAnswered": "3",
    "outboundTcxUnanswered": "0",
    "totalCallsTCXAnswered": "11",
    "totalCallsTCXUnanswered": "0",
    "totalTalkingTime": "01:18:00"
  },
  {
    "extension": "342",
    "agent": "Damara Giselle Buenfil",
    "inboundAnswered": "0",
    "inboundUnanswered": "0",
    "outboundTcxAnswered": "1",
    "outboundTcxUnanswered": "0",
    "totalCallsTCXAnswered": "1",
    "totalCallsTCXUnanswered": "0",
    "totalTalkingTime": "01:33:11"
  },
  {
    "extension": "343",
    "agent": "Jessica Marisol Gongora",
    "inboundAnswered": "0",
    "inboundUnanswered": "0",
    "outboundTcxAnswered": "3",
    "outboundTcxUnanswered": "2",
    "totalCallsTCXAnswered": "3",
    "totalCallsTCXUnanswered": "2",
    "totalTalkingTime": "02:22:10"
  },
  {
    "extension": "344",
    "agent": "Jose Jesus Kumul",
    "inboundAnswered": "0",
    "inboundUnanswered": "0",
    "outboundTcxAnswered": "1",
    "outboundTcxUnanswered": "0",
    "totalCallsTCXAnswered": "1",
    "totalCallsTCXUnanswered": "0",
    "totalTalkingTime": "00:06:53"
  },
  {
    "extension": "345",
    "agent": "David Alexis Hernandez",
    "inboundAnswered": "0",
    "inboundUnanswered": "0",
    "outboundTcxAnswered": "10",
    "outboundTcxUnanswered": "1",
    "totalCallsTCXAnswered": "10",
    "totalCallsTCXUnanswered": "1",
    "totalTalkingTime": "00:04:59"
  },
  {
    "extension": "346",
    "agent": "Diana Gabriela Resendiz",
    "inboundAnswered": "0",
    "inboundUnanswered": "0",
    "outboundTcxAnswered": "25",
    "outboundTcxUnanswered": "26",
    "totalCallsTCXAnswered": "25",
    "totalCallsTCXUnanswered": "26",
    "totalTalkingTime": "00:38:49"
  },
  {
    "extension": "347",
    "agent": "Aleli Munoz Hernandez",
    "inboundAnswered": "0",
    "inboundUnanswered": "0",
    "outboundTcxAnswered": "0",
    "outboundTcxUnanswered": "0",
    "totalCallsTCXAnswered": "0",
    "totalCallsTCXUnanswered": "0",
    "totalTalkingTime": "00:00:00"
  },
  {
    "extension": "348",
    "agent": "Angello Gael Garcia",
    "inboundAnswered": "4",
    "inboundUnanswered": "0",
    "outboundTcxAnswered": "4",
    "outboundTcxUnanswered": "0",
    "totalCallsTCXAnswered": "8",
    "totalCallsTCXUnanswered": "0",
    "totalTalkingTime": "01:09:31"
  },
  {
    "extension": "349",
    "agent": "Ricardo Ismael Bernardo",
    "inboundAnswered": "2",
    "inboundUnanswered": "0",
    "outboundTcxAnswered": "2",
    "outboundTcxUnanswered": "0",
    "totalCallsTCXAnswered": "4",
    "totalCallsTCXUnanswered": "0",
    "totalTalkingTime": "00:09:01"
  },
  {
    "extension": "350",
    "agent": "Carlo Emiliano Dominguez",
    "inboundAnswered": "13",
    "inboundUnanswered": "0",
    "outboundTcxAnswered": "0",
    "outboundTcxUnanswered": "0",
    "totalCallsTCXAnswered": "13",
    "totalCallsTCXUnanswered": "0",
    "totalTalkingTime": "01:35:36"
  },
  {
    "extension": "352",
    "agent": "Iris Gabriel Suarez",
    "inboundAnswered": "0",
    "inboundUnanswered": "1",
    "outboundTcxAnswered": "13",
    "outboundTcxUnanswered": "1",
    "totalCallsTCXAnswered": "13",
    "totalCallsTCXUnanswered": "2",
    "totalTalkingTime": "00:14:27"
  },
  {
    "extension": "353",
    "agent": "Jose Andres Rodriguez",
    "inboundAnswered": "0",
    "inboundUnanswered": "0",
    "outboundTcxAnswered": "8",
    "outboundTcxUnanswered": "8",
    "totalCallsTCXAnswered": "8",
    "totalCallsTCXUnanswered": "8",
    "totalTalkingTime": "00:12:02"
  },
  {
    "extension": "354",
    "agent": "Ashley Isabella Badillo",
    "inboundAnswered": "13",
    "inboundUnanswered": "1",
    "outboundTcxAnswered": "5",
    "outboundTcxUnanswered": "1",
    "totalCallsTCXAnswered": "18",
    "totalCallsTCXUnanswered": "2",
    "totalTalkingTime": "01:26:55"
  },
  {
    "extension": "355",
    "agent": "Jorge Alexis Chi",
    "inboundAnswered": "0",
    "inboundUnanswered": "0",
    "outboundTcxAnswered": "0",
    "outboundTcxUnanswered": "0",
    "totalCallsTCXAnswered": "0",
    "totalCallsTCXUnanswered": "0",
    "totalTalkingTime": "00:00:00"
  },
  {
    "extension": "356",
    "agent": "Nancy Flores Carrillo",
    "inboundAnswered": "16",
    "inboundUnanswered": "0",
    "outboundTcxAnswered": "0",
    "outboundTcxUnanswered": "0",
    "totalCallsTCXAnswered": "16",
    "totalCallsTCXUnanswered": "0",
    "totalTalkingTime": "01:41:54"
  },
  {
    "extension": "357",
    "agent": "Glenda Andrea Solis",
    "inboundAnswered": "0",
    "inboundUnanswered": "5",
    "outboundTcxAnswered": "0",
    "outboundTcxUnanswered": "0",
    "totalCallsTCXAnswered": "0",
    "totalCallsTCXUnanswered": "5",
    "totalTalkingTime": "00:00:00"
  },
  {
    "extension": "358",
    "agent": "Elizabeth Castillo Rodriguez",
    "inboundAnswered": "15",
    "inboundUnanswered": "2",
    "outboundTcxAnswered": "0",
    "outboundTcxUnanswered": "0",
    "totalCallsTCXAnswered": "15",
    "totalCallsTCXUnanswered": "2",
    "totalTalkingTime": "01:36:23"
  },
  {
    "extension": "359",
    "agent": "Michelle Alejandra Turriza",
    "inboundAnswered": "0",
    "inboundUnanswered": "0",
    "outboundTcxAnswered": "0",
    "outboundTcxUnanswered": "0",
    "totalCallsTCXAnswered": "0",
    "totalCallsTCXUnanswered": "0",
    "totalTalkingTime": "00:00:00"
  },
  {
    "extension": "360",
    "agent": "Rodrigo Lira",
    "inboundAnswered": "0",
    "inboundUnanswered": "0",
    "outboundTcxAnswered": "0",
    "outboundTcxUnanswered": "0",
    "totalCallsTCXAnswered": "0",
    "totalCallsTCXUnanswered": "0",
    "totalTalkingTime": "00:00:00"
  },
  {
    "extension": "361",
    "agent": "Citlalli Cano Notario",
    "inboundAnswered": "1",
    "inboundUnanswered": "0",
    "outboundTcxAnswered": "0",
    "outboundTcxUnanswered": "0",
    "totalCallsTCXAnswered": "1",
    "totalCallsTCXUnanswered": "0",
    "totalTalkingTime": "00:18:01"
  },
  {
    "extension": "362",
    "agent": "Erick Ricardo Cahuich",
    "inboundAnswered": "17",
    "inboundUnanswered": "0",
    "outboundTcxAnswered": "0",
    "outboundTcxUnanswered": "0",
    "totalCallsTCXAnswered": "17",
    "totalCallsTCXUnanswered": "0",
    "totalTalkingTime": "01:45:11"
  },
  {
    "extension": "363",
    "agent": "Norma Araceli Alarcon",
    "inboundAnswered": "0",
    "inboundUnanswered": "0",
    "outboundTcxAnswered": "3",
    "outboundTcxUnanswered": "3",
    "totalCallsTCXAnswered": "3",
    "totalCallsTCXUnanswered": "3",
    "totalTalkingTime": "00:03:05"
  },
  {
    "extension": "364",
    "agent": "Carlos Alberto Colmenares",
    "inboundAnswered": "2",
    "inboundUnanswered": "2",
    "outboundTcxAnswered": "3",
    "outboundTcxUnanswered": "0",
    "totalCallsTCXAnswered": "5",
    "totalCallsTCXUnanswered": "2",
    "totalTalkingTime": "01:01:23"
  },
  {
    "extension": "365",
    "agent": "Andres Paolo Gomez",
    "inboundAnswered": "0",
    "inboundUnanswered": "0",
    "outboundTcxAnswered": "3",
    "outboundTcxUnanswered": "0",
    "totalCallsTCXAnswered": "3",
    "totalCallsTCXUnanswered": "0",
    "totalTalkingTime": "00:00:08"
  },
  {
    "extension": "366",
    "agent": "Merari Natalia Jimenez",
    "inboundAnswered": "0",
    "inboundUnanswered": "0",
    "outboundTcxAnswered": "0",
    "outboundTcxUnanswered": "0",
    "totalCallsTCXAnswered": "0",
    "totalCallsTCXUnanswered": "0",
    "totalTalkingTime": "00:00:00"
  },
  {
    "extension": "367",
    "agent": "Ana Debora Diaz",
    "inboundAnswered": "16",
    "inboundUnanswered": "0",
    "outboundTcxAnswered": "0",
    "outboundTcxUnanswered": "0",
    "totalCallsTCXAnswered": "16",
    "totalCallsTCXUnanswered": "0",
    "totalTalkingTime": "01:05:30"
  },
  {
    "extension": "368",
    "agent": "Adrian Reyes Esquivel",
    "inboundAnswered": "0",
    "inboundUnanswered": "2",
    "outboundTcxAnswered": "0",
    "outboundTcxUnanswered": "0",
    "totalCallsTCXAnswered": "0",
    "totalCallsTCXUnanswered": "2",
    "totalTalkingTime": "00:00:00"
  },
  {
    "extension": "369",
    "agent": "Josue Davis Cervantes",
    "inboundAnswered": "7",
    "inboundUnanswered": "0",
    "outboundTcxAnswered": "7",
    "outboundTcxUnanswered": "0",
    "totalCallsTCXAnswered": "14",
    "totalCallsTCXUnanswered": "0",
    "totalTalkingTime": "01:05:49"
  },
  {
    "extension": "370",
    "agent": "Jesus Armando Tejeda",
    "inboundAnswered": "5",
    "inboundUnanswered": "0",
    "outboundTcxAnswered": "7",
    "outboundTcxUnanswered": "15",
    "totalCallsTCXAnswered": "12",
    "totalCallsTCXUnanswered": "15",
    "totalTalkingTime": "00:54:44"
  },
  {
    "extension": "371",
    "agent": "Roman Arturo Perez",
    "inboundAnswered": "0",
    "inboundUnanswered": "0",
    "outboundTcxAnswered": "3",
    "outboundTcxUnanswered": "1",
    "totalCallsTCXAnswered": "3",
    "totalCallsTCXUnanswered": "1",
    "totalTalkingTime": "00:08:22"
  },
  {
    "extension": "372",
    "agent": "Jonathan Saul Serratos",
    "inboundAnswered": "1",
    "inboundUnanswered": "0",
    "outboundTcxAnswered": "2",
    "outboundTcxUnanswered": "0",
    "totalCallsTCXAnswered": "3",
    "totalCallsTCXUnanswered": "0",
    "totalTalkingTime": "00:33:27"
  },
  {
    "extension": "373",
    "agent": "Damaris Brenda Chable",
    "inboundAnswered": "16",
    "inboundUnanswered": "0",
    "outboundTcxAnswered": "0",
    "outboundTcxUnanswered": "0",
    "totalCallsTCXAnswered": "16",
    "totalCallsTCXUnanswered": "0",
    "totalTalkingTime": "01:21:22"
  },
  {
    "extension": "374",
    "agent": "Deysi Alejandra Tawas",
    "inboundAnswered": "12",
    "inboundUnanswered": "0",
    "outboundTcxAnswered": "3",
    "outboundTcxUnanswered": "0",
    "totalCallsTCXAnswered": "15",
    "totalCallsTCXUnanswered": "0",
    "totalTalkingTime": "01:29:15"
  },
  {
    "extension": "375",
    "agent": "Alejandra Hernandez",
    "inboundAnswered": "3",
    "inboundUnanswered": "0",
    "outboundTcxAnswered": "4",
    "outboundTcxUnanswered": "0",
    "totalCallsTCXAnswered": "7",
    "totalCallsTCXUnanswered": "0",
    "totalTalkingTime": "01:10:54"
  },
  {
    "extension": "377",
    "agent": "Samantha Irahi Aguilar",
    "inboundAnswered": "0",
    "inboundUnanswered": "2",
    "outboundTcxAnswered": "11",
    "outboundTcxUnanswered": "0",
    "totalCallsTCXAnswered": "11",
    "totalCallsTCXUnanswered": "2",
    "totalTalkingTime": "00:21:46"
  },
  {
    "extension": "378",
    "agent": "Angel Andres Gonzalez",
    "inboundAnswered": "0",
    "inboundUnanswered": "0",
    "outboundTcxAnswered": "1",
    "outboundTcxUnanswered": "0",
    "totalCallsTCXAnswered": "1",
    "totalCallsTCXUnanswered": "0",
    "totalTalkingTime": "00:00:38"
  },
  {
    "extension": "379",
    "agent": "Fausto Alan Netzahualth",
    "inboundAnswered": "0",
    "inboundUnanswered": "0",
    "outboundTcxAnswered": "1",
    "outboundTcxUnanswered": "0",
    "totalCallsTCXAnswered": "1",
    "totalCallsTCXUnanswered": "0",
    "totalTalkingTime": "00:23:40"
  },
  {
    "extension": "380",
    "agent": "Sara Sofia Castro",
    "inboundAnswered": "0",
    "inboundUnanswered": "0",
    "outboundTcxAnswered": "6",
    "outboundTcxUnanswered": "1",
    "totalCallsTCXAnswered": "6",
    "totalCallsTCXUnanswered": "1",
    "totalTalkingTime": "00:00:22"
  },
  {
    "extension": "381",
    "agent": "Reyna del Rosario",
    "inboundAnswered": "1",
    "inboundUnanswered": "3",
    "outboundTcxAnswered": "5",
    "outboundTcxUnanswered": "0",
    "totalCallsTCXAnswered": "6",
    "totalCallsTCXUnanswered": "3",
    "totalTalkingTime": "00:29:01"
  },
  {
    "extension": "382",
    "agent": "Kenia Yadira Morales",
    "inboundAnswered": "0",
    "inboundUnanswered": "0",
    "outboundTcxAnswered": "0",
    "outboundTcxUnanswered": "0",
    "totalCallsTCXAnswered": "0",
    "totalCallsTCXUnanswered": "0",
    "totalTalkingTime": "00:00:00"
  },
  {
    "extension": "383",
    "agent": "Christian Rodolfo Rosell",
    "inboundAnswered": "0",
    "inboundUnanswered": "0",
    "outboundTcxAnswered": "0",
    "outboundTcxUnanswered": "0",
    "totalCallsTCXAnswered": "0",
    "totalCallsTCXUnanswered": "0",
    "totalTalkingTime": "00:00:00"
  },
  {
    "extension": "384",
    "agent": "Marian Yadiel Del",
    "inboundAnswered": "0",
    "inboundUnanswered": "0",
    "outboundTcxAnswered": "0",
    "outboundTcxUnanswered": "0",
    "totalCallsTCXAnswered": "0",
    "totalCallsTCXUnanswered": "0",
    "totalTalkingTime": "00:00:00"
  },
  {
    "extension": "385",
    "agent": "Maria Guadalupe Rosales",
    "inboundAnswered": "0",
    "inboundUnanswered": "0",
    "outboundTcxAnswered": "0",
    "outboundTcxUnanswered": "0",
    "totalCallsTCXAnswered": "0",
    "totalCallsTCXUnanswered": "0",
    "totalTalkingTime": "00:00:00"
  },
  {
    "extension": "401",
    "agent": "Carlos Eduardo Zamudio",
    "inboundAnswered": "5",
    "inboundUnanswered": "0",
    "outboundTcxAnswered": "10",
    "outboundTcxUnanswered": "6",
    "totalCallsTCXAnswered": "15",
    "totalCallsTCXUnanswered": "6",
    "totalTalkingTime": "00:24:51"
  },
  {
    "extension": "402",
    "agent": "Eulises Ramon Rivera",
    "inboundAnswered": "1",
    "inboundUnanswered": "0",
    "outboundTcxAnswered": "0",
    "outboundTcxUnanswered": "0",
    "totalCallsTCXAnswered": "1",
    "totalCallsTCXUnanswered": "0",
    "totalTalkingTime": "00:01:40"
  },
  {
    "extension": "403",
    "agent": "Darcy Mariana Pelico",
    "inboundAnswered": "0",
    "inboundUnanswered": "1",
    "outboundTcxAnswered": "0",
    "outboundTcxUnanswered": "0",
    "totalCallsTCXAnswered": "0",
    "totalCallsTCXUnanswered": "1",
    "totalTalkingTime": "00:00:00"
  },
  {
    "extension": "404",
    "agent": "Ivan Reyes Ceballos",
    "inboundAnswered": "1",
    "inboundUnanswered": "0",
    "outboundTcxAnswered": "0",
    "outboundTcxUnanswered": "0",
    "totalCallsTCXAnswered": "1",
    "totalCallsTCXUnanswered": "0",
    "totalTalkingTime": "00:01:50"
  },
  {
    "extension": "405",
    "agent": "Juan Carlos Soto",
    "inboundAnswered": "14",
    "inboundUnanswered": "1",
    "outboundTcxAnswered": "34",
    "outboundTcxUnanswered": "7",
    "totalCallsTCXAnswered": "48",
    "totalCallsTCXUnanswered": "8",
    "totalTalkingTime": "01:36:59"
  },
  {
    "extension": "500",
    "agent": "Giezis Eduardo Alvarez",
    "inboundAnswered": "2",
    "inboundUnanswered": "1",
    "outboundTcxAnswered": "35",
    "outboundTcxUnanswered": "7",
    "totalCallsTCXAnswered": "37",
    "totalCallsTCXUnanswered": "8",
    "totalTalkingTime": "00:30:40"
  },
  {
    "extension": "501",
    "agent": "Jorge Adonay Chacha",
    "inboundAnswered": "0",
    "inboundUnanswered": "2",
    "outboundTcxAnswered": "0",
    "outboundTcxUnanswered": "0",
    "totalCallsTCXAnswered": "0",
    "totalCallsTCXUnanswered": "2",
    "totalTalkingTime": "00:00:00"
  },
  {
    "extension": "502",
    "agent": "Karen Denisse Orozco",
    "inboundAnswered": "0",
    "inboundUnanswered": "5",
    "outboundTcxAnswered": "0",
    "outboundTcxUnanswered": "1",
    "totalCallsTCXAnswered": "0",
    "totalCallsTCXUnanswered": "6",
    "totalTalkingTime": "00:00:00"
  },
  {
    "extension": "503",
    "agent": "Carlos Alberto Alvarado",
    "inboundAnswered": "0",
    "inboundUnanswered": "1",
    "outboundTcxAnswered": "5",
    "outboundTcxUnanswered": "0",
    "totalCallsTCXAnswered": "5",
    "totalCallsTCXUnanswered": "1",
    "totalTalkingTime": "00:00:48"
  },
  {
    "extension": "504",
    "agent": "Oscar Chavez Mendoza",
    "inboundAnswered": "0",
    "inboundUnanswered": "2",
    "outboundTcxAnswered": "0",
    "outboundTcxUnanswered": "0",
    "totalCallsTCXAnswered": "0",
    "totalCallsTCXUnanswered": "2",
    "totalTalkingTime": "00:00:00"
  },
  {
    "extension": "505",
    "agent": "Abdel Habacuq Hernandez",
    "inboundAnswered": "14",
    "inboundUnanswered": "3",
    "outboundTcxAnswered": "32",
    "outboundTcxUnanswered": "8",
    "totalCallsTCXAnswered": "46",
    "totalCallsTCXUnanswered": "11",
    "totalTalkingTime": "02:31:10"
  },
  {
    "extension": "506",
    "agent": "Alejandra Abigail Cabrera",
    "inboundAnswered": "4",
    "inboundUnanswered": "1",
    "outboundTcxAnswered": "2",
    "outboundTcxUnanswered": "5",
    "totalCallsTCXAnswered": "6",
    "totalCallsTCXUnanswered": "6",
    "totalTalkingTime": "02:16:40"
  },
  {
    "extension": "507",
    "agent": "Isaac Ortega Rubalcava",
    "inboundAnswered": "3",
    "inboundUnanswered": "6",
    "outboundTcxAnswered": "40",
    "outboundTcxUnanswered": "28",
    "totalCallsTCXAnswered": "43",
    "totalCallsTCXUnanswered": "34",
    "totalTalkingTime": "00:58:49"
  },
  {
    "extension": "508",
    "agent": "Jesus Ivan Hu",
    "inboundAnswered": "0",
    "inboundUnanswered": "0",
    "outboundTcxAnswered": "0",
    "outboundTcxUnanswered": "0",
    "totalCallsTCXAnswered": "0",
    "totalCallsTCXUnanswered": "0",
    "totalTalkingTime": "00:00:00"
  },
  {
    "extension": "509",
    "agent": "Josue Rivera Martinez",
    "inboundAnswered": "0",
    "inboundUnanswered": "2",
    "outboundTcxAnswered": "1",
    "outboundTcxUnanswered": "2",
    "totalCallsTCXAnswered": "1",
    "totalCallsTCXUnanswered": "4",
    "totalTalkingTime": "00:05:08"
  },
  {
    "extension": "510",
    "agent": "Cristopher Arandu Sierra",
    "inboundAnswered": "0",
    "inboundUnanswered": "0",
    "outboundTcxAnswered": "0",
    "outboundTcxUnanswered": "0",
    "totalCallsTCXAnswered": "0",
    "totalCallsTCXUnanswered": "0",
    "totalTalkingTime": "00:00:00"
  },
  {
    "extension": "511",
    "agent": "Diana Naomi Jifkins",
    "inboundAnswered": "0",
    "inboundUnanswered": "2",
    "outboundTcxAnswered": "0",
    "outboundTcxUnanswered": "0",
    "totalCallsTCXAnswered": "0",
    "totalCallsTCXUnanswered": "2",
    "totalTalkingTime": "00:00:00"
  },
  {
    "extension": "512",
    "agent": "David Alejandro Gallardo",
    "inboundAnswered": "0",
    "inboundUnanswered": "0",
    "outboundTcxAnswered": "0",
    "outboundTcxUnanswered": "0",
    "totalCallsTCXAnswered": "0",
    "totalCallsTCXUnanswered": "0",
    "totalTalkingTime": "00:00:00"
  },
  {
    "extension": "513",
    "agent": "Josue Jonathan Chuc",
    "inboundAnswered": "9",
    "inboundUnanswered": "3",
    "outboundTcxAnswered": "29",
    "outboundTcxUnanswered": "14",
    "totalCallsTCXAnswered": "38",
    "totalCallsTCXUnanswered": "17",
    "totalTalkingTime": "01:20:57"
  },
  {
    "extension": "514",
    "agent": "Alaina Janet Moranchel",
    "inboundAnswered": "3",
    "inboundUnanswered": "1",
    "outboundTcxAnswered": "13",
    "outboundTcxUnanswered": "1",
    "totalCallsTCXAnswered": "16",
    "totalCallsTCXUnanswered": "2",
    "totalTalkingTime": "01:01:16"
  },
  {
    "extension": "515",
    "agent": "Jazmin Abad Garcia",
    "inboundAnswered": "13",
    "inboundUnanswered": "2",
    "outboundTcxAnswered": "36",
    "outboundTcxUnanswered": "28",
    "totalCallsTCXAnswered": "49",
    "totalCallsTCXUnanswered": "30",
    "totalTalkingTime": "01:29:51"
  },
  {
    "extension": "516",
    "agent": "Ana Karen Garcia",
    "inboundAnswered": "5",
    "inboundUnanswered": "3",
    "outboundTcxAnswered": "10",
    "outboundTcxUnanswered": "13",
    "totalCallsTCXAnswered": "15",
    "totalCallsTCXUnanswered": "16",
    "totalTalkingTime": "00:58:35"
  },
  {
    "extension": "517",
    "agent": "Sofia Rebeca Perez",
    "inboundAnswered": "0",
    "inboundUnanswered": "4",
    "outboundTcxAnswered": "0",
    "outboundTcxUnanswered": "0",
    "totalCallsTCXAnswered": "0",
    "totalCallsTCXUnanswered": "4",
    "totalTalkingTime": "00:00:00"
  },
  {
    "extension": "518",
    "agent": "Magdalena Rocio Zavala",
    "inboundAnswered": "0",
    "inboundUnanswered": "0",
    "outboundTcxAnswered": "0",
    "outboundTcxUnanswered": "0",
    "totalCallsTCXAnswered": "0",
    "totalCallsTCXUnanswered": "0",
    "totalTalkingTime": "00:00:00"
  },
  {
    "extension": "519",
    "agent": "Efrain Eliasib Tun",
    "inboundAnswered": "0",
    "inboundUnanswered": "0",
    "outboundTcxAnswered": "0",
    "outboundTcxUnanswered": "0",
    "totalCallsTCXAnswered": "0",
    "totalCallsTCXUnanswered": "0",
    "totalTalkingTime": "00:00:00"
  },
  {
    "extension": "521",
    "agent": "Miguel Uriel Mendez",
    "inboundAnswered": "0",
    "inboundUnanswered": "0",
    "outboundTcxAnswered": "0",
    "outboundTcxUnanswered": "0",
    "totalCallsTCXAnswered": "0",
    "totalCallsTCXUnanswered": "0",
    "totalTalkingTime": "00:00:00"
  },
  {
    "extension": "522",
    "agent": "Angel Manuel Salas",
    "inboundAnswered": "22",
    "inboundUnanswered": "9",
    "outboundTcxAnswered": "57",
    "outboundTcxUnanswered": "67",
    "totalCallsTCXAnswered": "79",
    "totalCallsTCXUnanswered": "76",
    "totalTalkingTime": "01:59:12"
  },
  {
    "extension": "523",
    "agent": "Giovanni Abimael Mendoza",
    "inboundAnswered": "0",
    "inboundUnanswered": "2",
    "outboundTcxAnswered": "0",
    "outboundTcxUnanswered": "2",
    "totalCallsTCXAnswered": "0",
    "totalCallsTCXUnanswered": "4",
    "totalTalkingTime": "00:00:00"
  },
  {
    "extension": "524",
    "agent": "Jesus Manuel Dominguez",
    "inboundAnswered": "0",
    "inboundUnanswered": "0",
    "outboundTcxAnswered": "0",
    "outboundTcxUnanswered": "0",
    "totalCallsTCXAnswered": "0",
    "totalCallsTCXUnanswered": "0",
    "totalTalkingTime": "00:00:00"
  },
  {
    "extension": "525",
    "agent": "Frida Montserrat Barrera",
    "inboundAnswered": "10",
    "inboundUnanswered": "2",
    "outboundTcxAnswered": "29",
    "outboundTcxUnanswered": "8",
    "totalCallsTCXAnswered": "39",
    "totalCallsTCXUnanswered": "10",
    "totalTalkingTime": "01:38:51"
  },
  {
    "extension": "526",
    "agent": "Daniela Cordova Lazaro",
    "inboundAnswered": "0",
    "inboundUnanswered": "2",
    "outboundTcxAnswered": "0",
    "outboundTcxUnanswered": "0",
    "totalCallsTCXAnswered": "0",
    "totalCallsTCXUnanswered": "2",
    "totalTalkingTime": "00:00:00"
  },
  {
    "extension": "527",
    "agent": "Daniel Aaron Ulloa",
    "inboundAnswered": "5",
    "inboundUnanswered": "3",
    "outboundTcxAnswered": "3",
    "outboundTcxUnanswered": "0",
    "totalCallsTCXAnswered": "8",
    "totalCallsTCXUnanswered": "3",
    "totalTalkingTime": "00:40:40"
  },
  {
    "extension": "528",
    "agent": "Jaime Francisco Flores",
    "inboundAnswered": "0",
    "inboundUnanswered": "6",
    "outboundTcxAnswered": "11",
    "outboundTcxUnanswered": "2",
    "totalCallsTCXAnswered": "11",
    "totalCallsTCXUnanswered": "8",
    "totalTalkingTime": "00:23:29"
  },
  {
    "extension": "529",
    "agent": "Gabriela Isabel Gonzalez",
    "inboundAnswered": "0",
    "inboundUnanswered": "0",
    "outboundTcxAnswered": "0",
    "outboundTcxUnanswered": "0",
    "totalCallsTCXAnswered": "0",
    "totalCallsTCXUnanswered": "0",
    "totalTalkingTime": "00:00:00"
  },
  {
    "extension": "530",
    "agent": "Jesus Angel Cuellar",
    "inboundAnswered": "0",
    "inboundUnanswered": "1",
    "outboundTcxAnswered": "0",
    "outboundTcxUnanswered": "0",
    "totalCallsTCXAnswered": "0",
    "totalCallsTCXUnanswered": "1",
    "totalTalkingTime": "00:00:00"
  },
  {
    "extension": "531",
    "agent": "Noemi Crisostomo Alvarado",
    "inboundAnswered": "0",
    "inboundUnanswered": "0",
    "outboundTcxAnswered": "0",
    "outboundTcxUnanswered": "0",
    "totalCallsTCXAnswered": "0",
    "totalCallsTCXUnanswered": "0",
    "totalTalkingTime": "00:00:00"
  },
  {
    "extension": "532",
    "agent": "Jose Leonardo Navarro",
    "inboundAnswered": "0",
    "inboundUnanswered": "2",
    "outboundTcxAnswered": "31",
    "outboundTcxUnanswered": "8",
    "totalCallsTCXAnswered": "31",
    "totalCallsTCXUnanswered": "10",
    "totalTalkingTime": "01:59:36"
  },
  {
    "extension": "533",
    "agent": "Armando Hernandez Ramos",
    "inboundAnswered": "0",
    "inboundUnanswered": "0",
    "outboundTcxAnswered": "0",
    "outboundTcxUnanswered": "0",
    "totalCallsTCXAnswered": "0",
    "totalCallsTCXUnanswered": "0",
    "totalTalkingTime": "00:00:00"
  },
  {
    "extension": "534",
    "agent": "Diego Gaspar Pech",
    "inboundAnswered": "0",
    "inboundUnanswered": "1",
    "outboundTcxAnswered": "1",
    "outboundTcxUnanswered": "0",
    "totalCallsTCXAnswered": "1",
    "totalCallsTCXUnanswered": "1",
    "totalTalkingTime": "00:22:28"
  },
  {
    "extension": "535",
    "agent": "Maricruz Morales Estrada",
    "inboundAnswered": "0",
    "inboundUnanswered": "3",
    "outboundTcxAnswered": "3",
    "outboundTcxUnanswered": "2",
    "totalCallsTCXAnswered": "3",
    "totalCallsTCXUnanswered": "5",
    "totalTalkingTime": "00:00:43"
  },
  {
    "extension": "536",
    "agent": "Victor Manuel Espinoza",
    "inboundAnswered": "9",
    "inboundUnanswered": "5",
    "outboundTcxAnswered": "35",
    "outboundTcxUnanswered": "13",
    "totalCallsTCXAnswered": "44",
    "totalCallsTCXUnanswered": "18",
    "totalTalkingTime": "01:26:59"
  },
  {
    "extension": "537",
    "agent": "Jose Andres Ramirez",
    "inboundAnswered": "0",
    "inboundUnanswered": "0",
    "outboundTcxAnswered": "0",
    "outboundTcxUnanswered": "0",
    "totalCallsTCXAnswered": "0",
    "totalCallsTCXUnanswered": "0",
    "totalTalkingTime": "00:00:00"
  },
  {
    "extension": "538",
    "agent": "Laura Gabriela Zavala",
    "inboundAnswered": "0",
    "inboundUnanswered": "0",
    "outboundTcxAnswered": "5",
    "outboundTcxUnanswered": "1",
    "totalCallsTCXAnswered": "5",
    "totalCallsTCXUnanswered": "1",
    "totalTalkingTime": "00:01:04"
  },
  {
    "extension": "539",
    "agent": "Marina Aguilar Rios",
    "inboundAnswered": "8",
    "inboundUnanswered": "0",
    "outboundTcxAnswered": "11",
    "outboundTcxUnanswered": "0",
    "totalCallsTCXAnswered": "19",
    "totalCallsTCXUnanswered": "0",
    "totalTalkingTime": "01:38:30"
  },
  {
    "extension": "540",
    "agent": "Luis Daniel Garcia",
    "inboundAnswered": "18",
    "inboundUnanswered": "3",
    "outboundTcxAnswered": "32",
    "outboundTcxUnanswered": "12",
    "totalCallsTCXAnswered": "50",
    "totalCallsTCXUnanswered": "15",
    "totalTalkingTime": "01:37:07"
  },
  {
    "extension": "541",
    "agent": "Edgar Manolo Perez",
    "inboundAnswered": "5",
    "inboundUnanswered": "2",
    "outboundTcxAnswered": "6",
    "outboundTcxUnanswered": "3",
    "totalCallsTCXAnswered": "11",
    "totalCallsTCXUnanswered": "5",
    "totalTalkingTime": "01:54:57"
  },
  {
    "extension": "542",
    "agent": "Miguel Eduardo Sanchez",
    "inboundAnswered": "5",
    "inboundUnanswered": "6",
    "outboundTcxAnswered": "42",
    "outboundTcxUnanswered": "27",
    "totalCallsTCXAnswered": "47",
    "totalCallsTCXUnanswered": "33",
    "totalTalkingTime": "01:23:16"
  },
  {
    "extension": "543",
    "agent": "Jhonny Alejandro Uc",
    "inboundAnswered": "0",
    "inboundUnanswered": "0",
    "outboundTcxAnswered": "0",
    "outboundTcxUnanswered": "0",
    "totalCallsTCXAnswered": "0",
    "totalCallsTCXUnanswered": "0",
    "totalTalkingTime": "00:00:00"
  },
  {
    "extension": "544",
    "agent": "Juan David Alcocer",
    "inboundAnswered": "0",
    "inboundUnanswered": "1",
    "outboundTcxAnswered": "0",
    "outboundTcxUnanswered": "0",
    "totalCallsTCXAnswered": "0",
    "totalCallsTCXUnanswered": "1",
    "totalTalkingTime": "00:00:00"
  },
  {
    "extension": "545",
    "agent": "Erick David Hernandez",
    "inboundAnswered": "0",
    "inboundUnanswered": "1",
    "outboundTcxAnswered": "0",
    "outboundTcxUnanswered": "0",
    "totalCallsTCXAnswered": "0",
    "totalCallsTCXUnanswered": "1",
    "totalTalkingTime": "00:00:00"
  },
  {
    "extension": "546",
    "agent": "Alexia Shecid Aguayo",
    "inboundAnswered": "0",
    "inboundUnanswered": "0",
    "outboundTcxAnswered": "0",
    "outboundTcxUnanswered": "0",
    "totalCallsTCXAnswered": "0",
    "totalCallsTCXUnanswered": "0",
    "totalTalkingTime": "00:00:00"
  },
  {
    "extension": "547",
    "agent": "Gerardo Almanza Avila",
    "inboundAnswered": "11",
    "inboundUnanswered": "3",
    "outboundTcxAnswered": "24",
    "outboundTcxUnanswered": "14",
    "totalCallsTCXAnswered": "35",
    "totalCallsTCXUnanswered": "17",
    "totalTalkingTime": "02:09:56"
  },
  {
    "extension": "548",
    "agent": "Beatriz Adriana Marroquin",
    "inboundAnswered": "0",
    "inboundUnanswered": "1",
    "outboundTcxAnswered": "0",
    "outboundTcxUnanswered": "0",
    "totalCallsTCXAnswered": "0",
    "totalCallsTCXUnanswered": "1",
    "totalTalkingTime": "00:00:00"
  },
  {
    "extension": "549",
    "agent": "Magali Beatriz Castellón",
    "inboundAnswered": "2",
    "inboundUnanswered": "2",
    "outboundTcxAnswered": "2",
    "outboundTcxUnanswered": "1",
    "totalCallsTCXAnswered": "4",
    "totalCallsTCXUnanswered": "3",
    "totalTalkingTime": "00:03:20"
  },
  {
    "extension": "550",
    "agent": "Andy Abdel Ariana",
    "inboundAnswered": "13",
    "inboundUnanswered": "6",
    "outboundTcxAnswered": "10",
    "outboundTcxUnanswered": "8",
    "totalCallsTCXAnswered": "23",
    "totalCallsTCXUnanswered": "14",
    "totalTalkingTime": "00:50:28"
  },
  {
    "extension": "551",
    "agent": "Maria Ana Landero",
    "inboundAnswered": "11",
    "inboundUnanswered": "3",
    "outboundTcxAnswered": "20",
    "outboundTcxUnanswered": "18",
    "totalCallsTCXAnswered": "31",
    "totalCallsTCXUnanswered": "21",
    "totalTalkingTime": "01:30:31"
  },
  {
    "extension": "552",
    "agent": "Abraham Juarez Montoya",
    "inboundAnswered": "10",
    "inboundUnanswered": "4",
    "outboundTcxAnswered": "22",
    "outboundTcxUnanswered": "55",
    "totalCallsTCXAnswered": "32",
    "totalCallsTCXUnanswered": "59",
    "totalTalkingTime": "00:45:03"
  },
  {
    "extension": "553",
    "agent": "Janet Fe García",
    "inboundAnswered": "9",
    "inboundUnanswered": "5",
    "outboundTcxAnswered": "11",
    "outboundTcxUnanswered": "3",
    "totalCallsTCXAnswered": "20",
    "totalCallsTCXUnanswered": "8",
    "totalTalkingTime": "01:06:53"
  },
  {
    "extension": "554",
    "agent": "Hector Raul Romero",
    "inboundAnswered": "1",
    "inboundUnanswered": "2",
    "outboundTcxAnswered": "50",
    "outboundTcxUnanswered": "24",
    "totalCallsTCXAnswered": "51",
    "totalCallsTCXUnanswered": "26",
    "totalTalkingTime": "00:52:26"
  },
  {
    "extension": "555",
    "agent": "Josafat Maheda Gomez",
    "inboundAnswered": "0",
    "inboundUnanswered": "1",
    "outboundTcxAnswered": "0",
    "outboundTcxUnanswered": "0",
    "totalCallsTCXAnswered": "0",
    "totalCallsTCXUnanswered": "1",
    "totalTalkingTime": "00:00:00"
  },
  {
    "extension": "556",
    "agent": "Maria Alejandra Achipis",
    "inboundAnswered": "0",
    "inboundUnanswered": "0",
    "outboundTcxAnswered": "0",
    "outboundTcxUnanswered": "0",
    "totalCallsTCXAnswered": "0",
    "totalCallsTCXUnanswered": "0",
    "totalTalkingTime": "00:00:00"
  },
  {
    "extension": "557",
    "agent": "Cristian Hernandez Cristobal",
    "inboundAnswered": "0",
    "inboundUnanswered": "2",
    "outboundTcxAnswered": "0",
    "outboundTcxUnanswered": "0",
    "totalCallsTCXAnswered": "0",
    "totalCallsTCXUnanswered": "2",
    "totalTalkingTime": "00:00:00"
  },
  {
    "extension": "558",
    "agent": "Israel Arevalo Cardenas",
    "inboundAnswered": "3",
    "inboundUnanswered": "0",
    "outboundTcxAnswered": "9",
    "outboundTcxUnanswered": "1",
    "totalCallsTCXAnswered": "12",
    "totalCallsTCXUnanswered": "1",
    "totalTalkingTime": "00:47:26"
  },
  {
    "extension": "559",
    "agent": "Juan Chable Morales",
    "inboundAnswered": "10",
    "inboundUnanswered": "1",
    "outboundTcxAnswered": "9",
    "outboundTcxUnanswered": "4",
    "totalCallsTCXAnswered": "19",
    "totalCallsTCXUnanswered": "5",
    "totalTalkingTime": "01:28:32"
  },
  {
    "extension": "560",
    "agent": "Jorge Francisco Ortiz",
    "inboundAnswered": "14",
    "inboundUnanswered": "4",
    "outboundTcxAnswered": "46",
    "outboundTcxUnanswered": "12",
    "totalCallsTCXAnswered": "60",
    "totalCallsTCXUnanswered": "16",
    "totalTalkingTime": "01:51:48"
  },
  {
    "extension": "561",
    "agent": "Suemi Nahomi Pacheco",
    "inboundAnswered": "0",
    "inboundUnanswered": "0",
    "outboundTcxAnswered": "0",
    "outboundTcxUnanswered": "0",
    "totalCallsTCXAnswered": "0",
    "totalCallsTCXUnanswered": "0",
    "totalTalkingTime": "00:00:00"
  },
  {
    "extension": "562",
    "agent": "Cesar Arturo Almendra",
    "inboundAnswered": "4",
    "inboundUnanswered": "0",
    "outboundTcxAnswered": "10",
    "outboundTcxUnanswered": "2",
    "totalCallsTCXAnswered": "14",
    "totalCallsTCXUnanswered": "2",
    "totalTalkingTime": "01:08:18"
  },
  {
    "extension": "563",
    "agent": "Berenice Hernandez Quintana",
    "inboundAnswered": "2",
    "inboundUnanswered": "1",
    "outboundTcxAnswered": "4",
    "outboundTcxUnanswered": "2",
    "totalCallsTCXAnswered": "6",
    "totalCallsTCXUnanswered": "3",
    "totalTalkingTime": "00:03:37"
  },
  {
    "extension": "564",
    "agent": "Karen Anahi Villeda",
    "inboundAnswered": "1",
    "inboundUnanswered": "8",
    "outboundTcxAnswered": "39",
    "outboundTcxUnanswered": "38",
    "totalCallsTCXAnswered": "40",
    "totalCallsTCXUnanswered": "46",
    "totalTalkingTime": "00:52:05"
  },
  {
    "extension": "565",
    "agent": "Norma Edith Gamas",
    "inboundAnswered": "0",
    "inboundUnanswered": "5",
    "outboundTcxAnswered": "20",
    "outboundTcxUnanswered": "7",
    "totalCallsTCXAnswered": "20",
    "totalCallsTCXUnanswered": "12",
    "totalTalkingTime": "01:44:38"
  },
  {
    "extension": "566",
    "agent": "Josue Israel Cauich",
    "inboundAnswered": "4",
    "inboundUnanswered": "2",
    "outboundTcxAnswered": "2",
    "outboundTcxUnanswered": "10",
    "totalCallsTCXAnswered": "6",
    "totalCallsTCXUnanswered": "12",
    "totalTalkingTime": "00:34:20"
  },
  {
    "extension": "567",
    "agent": "David Cruz",
    "inboundAnswered": "9",
    "inboundUnanswered": "1",
    "outboundTcxAnswered": "40",
    "outboundTcxUnanswered": "17",
    "totalCallsTCXAnswered": "49",
    "totalCallsTCXUnanswered": "18",
    "totalTalkingTime": "00:48:36"
  },
  {
    "extension": "568",
    "agent": "Erick Velasco Rojas",
    "inboundAnswered": "0",
    "inboundUnanswered": "0",
    "outboundTcxAnswered": "0",
    "outboundTcxUnanswered": "0",
    "totalCallsTCXAnswered": "0",
    "totalCallsTCXUnanswered": "0",
    "totalTalkingTime": "00:00:00"
  },
  {
    "extension": "569",
    "agent": "Jesus Ismael Salazar",
    "inboundAnswered": "14",
    "inboundUnanswered": "4",
    "outboundTcxAnswered": "73",
    "outboundTcxUnanswered": "18",
    "totalCallsTCXAnswered": "87",
    "totalCallsTCXUnanswered": "22",
    "totalTalkingTime": "01:12:12"
  },
  {
    "extension": "570",
    "agent": "Renan Alejandro Carrillo",
    "inboundAnswered": "1",
    "inboundUnanswered": "6",
    "outboundTcxAnswered": "22",
    "outboundTcxUnanswered": "25",
    "totalCallsTCXAnswered": "23",
    "totalCallsTCXUnanswered": "31",
    "totalTalkingTime": "00:54:31"
  },
  {
    "extension": "571",
    "agent": "Rosmary Maite Reyes",
    "inboundAnswered": "0",
    "inboundUnanswered": "0",
    "outboundTcxAnswered": "0",
    "outboundTcxUnanswered": "0",
    "totalCallsTCXAnswered": "0",
    "totalCallsTCXUnanswered": "0",
    "totalTalkingTime": "00:00:00"
  },
  {
    "extension": "572",
    "agent": "Isaac Israel Beltran",
    "inboundAnswered": "3",
    "inboundUnanswered": "3",
    "outboundTcxAnswered": "20",
    "outboundTcxUnanswered": "10",
    "totalCallsTCXAnswered": "23",
    "totalCallsTCXUnanswered": "13",
    "totalTalkingTime": "00:16:25"
  },
  {
    "extension": "573",
    "agent": "Daniel Alonso",
    "inboundAnswered": "0",
    "inboundUnanswered": "0",
    "outboundTcxAnswered": "36",
    "outboundTcxUnanswered": "7",
    "totalCallsTCXAnswered": "36",
    "totalCallsTCXUnanswered": "7",
    "totalTalkingTime": "00:39:55"
  },
  {
    "extension": "574",
    "agent": "Raul Antonio Diaz",
    "inboundAnswered": "13",
    "inboundUnanswered": "7",
    "outboundTcxAnswered": "21",
    "outboundTcxUnanswered": "7",
    "totalCallsTCXAnswered": "34",
    "totalCallsTCXUnanswered": "14",
    "totalTalkingTime": "01:12:27"
  },
  {
    "extension": "575",
    "agent": "Karla Selene Tomez",
    "inboundAnswered": "5",
    "inboundUnanswered": "9",
    "outboundTcxAnswered": "13",
    "outboundTcxUnanswered": "56",
    "totalCallsTCXAnswered": "18",
    "totalCallsTCXUnanswered": "65",
    "totalTalkingTime": "00:26:02"
  },
  {
    "extension": "576",
    "agent": "Daniel Espinoza Garduño",
    "inboundAnswered": "3",
    "inboundUnanswered": "2",
    "outboundTcxAnswered": "32",
    "outboundTcxUnanswered": "10",
    "totalCallsTCXAnswered": "35",
    "totalCallsTCXUnanswered": "12",
    "totalTalkingTime": "01:22:44"
  },
  {
    "extension": "577",
    "agent": "David Almendra Vazquez",
    "inboundAnswered": "0",
    "inboundUnanswered": "0",
    "outboundTcxAnswered": "0",
    "outboundTcxUnanswered": "0",
    "totalCallsTCXAnswered": "0",
    "totalCallsTCXUnanswered": "0",
    "totalTalkingTime": "00:00:00"
  },
  {
    "extension": "578",
    "agent": "Alma Paola Cisneros",
    "inboundAnswered": "16",
    "inboundUnanswered": "7",
    "outboundTcxAnswered": "30",
    "outboundTcxUnanswered": "14",
    "totalCallsTCXAnswered": "46",
    "totalCallsTCXUnanswered": "21",
    "totalTalkingTime": "01:06:05"
  },
  {
    "extension": "579",
    "agent": "Christel Galeana Marin",
    "inboundAnswered": "0",
    "inboundUnanswered": "0",
    "outboundTcxAnswered": "0",
    "outboundTcxUnanswered": "0",
    "totalCallsTCXAnswered": "0",
    "totalCallsTCXUnanswered": "0",
    "totalTalkingTime": "00:00:00"
  },
  {
    "extension": "580",
    "agent": "Ricardo Madera Sanchez",
    "inboundAnswered": "0",
    "inboundUnanswered": "0",
    "outboundTcxAnswered": "0",
    "outboundTcxUnanswered": "1",
    "totalCallsTCXAnswered": "0",
    "totalCallsTCXUnanswered": "1",
    "totalTalkingTime": "00:00:00"
  },
  {
    "extension": "581",
    "agent": "Felix Rivas Gonzalez",
    "inboundAnswered": "0",
    "inboundUnanswered": "0",
    "outboundTcxAnswered": "0",
    "outboundTcxUnanswered": "0",
    "totalCallsTCXAnswered": "0",
    "totalCallsTCXUnanswered": "0",
    "totalTalkingTime": "00:00:00"
  },
  {
    "extension": "582",
    "agent": "Josefina Mendicuti Espinosa",
    "inboundAnswered": "0",
    "inboundUnanswered": "0",
    "outboundTcxAnswered": "0",
    "outboundTcxUnanswered": "0",
    "totalCallsTCXAnswered": "0",
    "totalCallsTCXUnanswered": "0",
    "totalTalkingTime": "00:00:00"
  },
  {
    "extension": "583",
    "agent": "Fernando Nieto Vazquez",
    "inboundAnswered": "0",
    "inboundUnanswered": "0",
    "outboundTcxAnswered": "0",
    "outboundTcxUnanswered": "0",
    "totalCallsTCXAnswered": "0",
    "totalCallsTCXUnanswered": "0",
    "totalTalkingTime": "00:00:00"
  },
  {
    "extension": "584",
    "agent": "Sheyna Alejandra Solis",
    "inboundAnswered": "2",
    "inboundUnanswered": "1",
    "outboundTcxAnswered": "49",
    "outboundTcxUnanswered": "8",
    "totalCallsTCXAnswered": "51",
    "totalCallsTCXUnanswered": "9",
    "totalTalkingTime": "01:38:24"
  },
  {
    "extension": "585",
    "agent": "Genma Mendoza Rojas",
    "inboundAnswered": "1",
    "inboundUnanswered": "2",
    "outboundTcxAnswered": "0",
    "outboundTcxUnanswered": "1",
    "totalCallsTCXAnswered": "1",
    "totalCallsTCXUnanswered": "3",
    "totalTalkingTime": "00:02:32"
  },
  {
    "extension": "586",
    "agent": "Roberto Alexander Hernandez",
    "inboundAnswered": "16",
    "inboundUnanswered": "14",
    "outboundTcxAnswered": "61",
    "outboundTcxUnanswered": "61",
    "totalCallsTCXAnswered": "77",
    "totalCallsTCXUnanswered": "75",
    "totalTalkingTime": "01:02:37"
  },
  {
    "extension": "587",
    "agent": "Reinaldo Kauil Ciau",
    "inboundAnswered": "0",
    "inboundUnanswered": "0",
    "outboundTcxAnswered": "0",
    "outboundTcxUnanswered": "0",
    "totalCallsTCXAnswered": "0",
    "totalCallsTCXUnanswered": "0",
    "totalTalkingTime": "00:00:00"
  },
  {
    "extension": "588",
    "agent": "Vanesa Noemi Canche",
    "inboundAnswered": "0",
    "inboundUnanswered": "2",
    "outboundTcxAnswered": "0",
    "outboundTcxUnanswered": "0",
    "totalCallsTCXAnswered": "0",
    "totalCallsTCXUnanswered": "2",
    "totalTalkingTime": "00:00:00"
  },
  {
    "extension": "589",
    "agent": "Jairo Misael Contreras",
    "inboundAnswered": "0",
    "inboundUnanswered": "3",
    "outboundTcxAnswered": "14",
    "outboundTcxUnanswered": "2",
    "totalCallsTCXAnswered": "14",
    "totalCallsTCXUnanswered": "5",
    "totalTalkingTime": "00:01:40"
  },
  {
    "extension": "590",
    "agent": "Paloma Vega Perez",
    "inboundAnswered": "0",
    "inboundUnanswered": "1",
    "outboundTcxAnswered": "0",
    "outboundTcxUnanswered": "0",
    "totalCallsTCXAnswered": "0",
    "totalCallsTCXUnanswered": "1",
    "totalTalkingTime": "00:00:00"
  },
  {
    "extension": "591",
    "agent": "Angelina Esther Chi",
    "inboundAnswered": "10",
    "inboundUnanswered": "2",
    "outboundTcxAnswered": "29",
    "outboundTcxUnanswered": "9",
    "totalCallsTCXAnswered": "39",
    "totalCallsTCXUnanswered": "11",
    "totalTalkingTime": "02:08:34"
  },
  {
    "extension": "592",
    "agent": "Francisco Jose Haces",
    "inboundAnswered": "7",
    "inboundUnanswered": "1",
    "outboundTcxAnswered": "3",
    "outboundTcxUnanswered": "2",
    "totalCallsTCXAnswered": "10",
    "totalCallsTCXUnanswered": "3",
    "totalTalkingTime": "00:29:20"
  },
  {
    "extension": "593",
    "agent": "Hilda Rebeca Juarez",
    "inboundAnswered": "0",
    "inboundUnanswered": "2",
    "outboundTcxAnswered": "0",
    "outboundTcxUnanswered": "3",
    "totalCallsTCXAnswered": "0",
    "totalCallsTCXUnanswered": "5",
    "totalTalkingTime": "00:00:00"
  },
  {
    "extension": "595",
    "agent": "Sandra Luz Santos",
    "inboundAnswered": "16",
    "inboundUnanswered": "2",
    "outboundTcxAnswered": "34",
    "outboundTcxUnanswered": "15",
    "totalCallsTCXAnswered": "50",
    "totalCallsTCXUnanswered": "17",
    "totalTalkingTime": "02:14:53"
  },
  {
    "extension": "596",
    "agent": "Luis Alberto Lopez",
    "inboundAnswered": "0",
    "inboundUnanswered": "0",
    "outboundTcxAnswered": "1",
    "outboundTcxUnanswered": "1",
    "totalCallsTCXAnswered": "1",
    "totalCallsTCXUnanswered": "1",
    "totalTalkingTime": "00:00:00"
  },
  {
    "extension": "597",
    "agent": "Jose Guadalupe Magana",
    "inboundAnswered": "8",
    "inboundUnanswered": "10",
    "outboundTcxAnswered": "105",
    "outboundTcxUnanswered": "33",
    "totalCallsTCXAnswered": "113",
    "totalCallsTCXUnanswered": "43",
    "totalTalkingTime": "00:54:35"
  },
  {
    "extension": "598",
    "agent": "Kevin Alejandro Hau",
    "inboundAnswered": "0",
    "inboundUnanswered": "4",
    "outboundTcxAnswered": "0",
    "outboundTcxUnanswered": "0",
    "totalCallsTCXAnswered": "0",
    "totalCallsTCXUnanswered": "4",
    "totalTalkingTime": "00:00:00"
  },
  {
    "extension": "599",
    "agent": "Laura Odalys Reyes",
    "inboundAnswered": "0",
    "inboundUnanswered": "0",
    "outboundTcxAnswered": "17",
    "outboundTcxUnanswered": "7",
    "totalCallsTCXAnswered": "17",
    "totalCallsTCXUnanswered": "7",
    "totalTalkingTime": "00:22:12"
  },
  {
    "extension": "600",
    "agent": "Denisse Bonal Serrano",
    "inboundAnswered": "1",
    "inboundUnanswered": "2",
    "outboundTcxAnswered": "0",
    "outboundTcxUnanswered": "0",
    "totalCallsTCXAnswered": "1",
    "totalCallsTCXUnanswered": "2",
    "totalTalkingTime": "00:05:45"
  },
  {
    "extension": "602",
    "agent": "Josue Lopez Baume",
    "inboundAnswered": "1",
    "inboundUnanswered": "2",
    "outboundTcxAnswered": "1",
    "outboundTcxUnanswered": "0",
    "totalCallsTCXAnswered": "2",
    "totalCallsTCXUnanswered": "2",
    "totalTalkingTime": "00:12:19"
  },
  {
    "extension": "603",
    "agent": "Carlos Armando Ortega",
    "inboundAnswered": "8",
    "inboundUnanswered": "1",
    "outboundTcxAnswered": "27",
    "outboundTcxUnanswered": "15",
    "totalCallsTCXAnswered": "35",
    "totalCallsTCXUnanswered": "16",
    "totalTalkingTime": "01:37:24"
  },
  {
    "extension": "604",
    "agent": "Erendira Quetzaly Vega",
    "inboundAnswered": "0",
    "inboundUnanswered": "0",
    "outboundTcxAnswered": "0",
    "outboundTcxUnanswered": "0",
    "totalCallsTCXAnswered": "0",
    "totalCallsTCXUnanswered": "0",
    "totalTalkingTime": "00:00:00"
  },
  {
    "extension": "605",
    "agent": "Angel Alexis Peraza",
    "inboundAnswered": "0",
    "inboundUnanswered": "0",
    "outboundTcxAnswered": "0",
    "outboundTcxUnanswered": "0",
    "totalCallsTCXAnswered": "0",
    "totalCallsTCXUnanswered": "0",
    "totalTalkingTime": "00:00:00"
  },
  {
    "extension": "606",
    "agent": "Dylan Alexis Sosa",
    "inboundAnswered": "13",
    "inboundUnanswered": "5",
    "outboundTcxAnswered": "63",
    "outboundTcxUnanswered": "16",
    "totalCallsTCXAnswered": "76",
    "totalCallsTCXUnanswered": "21",
    "totalTalkingTime": "01:40:23"
  },
  {
    "extension": "607",
    "agent": "Luana Sabrina Costa",
    "inboundAnswered": "13",
    "inboundUnanswered": "6",
    "outboundTcxAnswered": "18",
    "outboundTcxUnanswered": "14",
    "totalCallsTCXAnswered": "31",
    "totalCallsTCXUnanswered": "20",
    "totalTalkingTime": "00:50:45"
  },
  {
    "extension": "608",
    "agent": "Gregorio Salomon Herrera",
    "inboundAnswered": "1",
    "inboundUnanswered": "3",
    "outboundTcxAnswered": "18",
    "outboundTcxUnanswered": "7",
    "totalCallsTCXAnswered": "19",
    "totalCallsTCXUnanswered": "10",
    "totalTalkingTime": "01:55:47"
  },
  {
    "extension": "609",
    "agent": "Dayna Yazmil Gonzalez",
    "inboundAnswered": "10",
    "inboundUnanswered": "3",
    "outboundTcxAnswered": "21",
    "outboundTcxUnanswered": "29",
    "totalCallsTCXAnswered": "31",
    "totalCallsTCXUnanswered": "32",
    "totalTalkingTime": "01:22:26"
  },
  {
    "extension": "610",
    "agent": "Carlos Alfredo Guillen",
    "inboundAnswered": "0",
    "inboundUnanswered": "0",
    "outboundTcxAnswered": "0",
    "outboundTcxUnanswered": "0",
    "totalCallsTCXAnswered": "0",
    "totalCallsTCXUnanswered": "0",
    "totalTalkingTime": "00:00:00"
  },
  {
    "extension": "611",
    "agent": "Consuelo Nancy Gutierrez",
    "inboundAnswered": "0",
    "inboundUnanswered": "10",
    "outboundTcxAnswered": "0",
    "outboundTcxUnanswered": "0",
    "totalCallsTCXAnswered": "0",
    "totalCallsTCXUnanswered": "10",
    "totalTalkingTime": "00:00:00"
  },
  {
    "extension": "612",
    "agent": "Luz Adriana Luis",
    "inboundAnswered": "0",
    "inboundUnanswered": "0",
    "outboundTcxAnswered": "2",
    "outboundTcxUnanswered": "0",
    "totalCallsTCXAnswered": "2",
    "totalCallsTCXUnanswered": "0",
    "totalTalkingTime": "00:01:31"
  },
  {
    "extension": "613",
    "agent": "Naidelin Torres Alegria",
    "inboundAnswered": "15",
    "inboundUnanswered": "0",
    "outboundTcxAnswered": "35",
    "outboundTcxUnanswered": "9",
    "totalCallsTCXAnswered": "50",
    "totalCallsTCXUnanswered": "9",
    "totalTalkingTime": "01:11:07"
  },
  {
    "extension": "614",
    "agent": "Jafet Geovani Fortin",
    "inboundAnswered": "5",
    "inboundUnanswered": "1",
    "outboundTcxAnswered": "12",
    "outboundTcxUnanswered": "9",
    "totalCallsTCXAnswered": "17",
    "totalCallsTCXUnanswered": "10",
    "totalTalkingTime": "00:25:56"
  }
]